volume,"                             A          AA         AAPL        ABC  \
2008-01-02 16:00:00  1858900.0   7801700.0   38542100.0  1709600.0   
2008-01-03 16:00:00  1995400.0   7202500.0   30073800.0  1962400.0   
2008-01-04 16:00:00  3533100.0  10186300.0   51994000.0  2726800.0   
2008-01-07 16:00:00  3505800.0  24620100.0   74006900.0  1960200.0   
2008-01-08 16:00:00  4063500.0  26987600.0   54422000.0  3344400.0   
2008-01-09 16:00:00  3836000.0  16655600.0   64781500.0  4349000.0   
2008-01-10 16:00:00  4428900.0  28977400.0   52963400.0  3123600.0   
2008-01-11 16:00:00  2934200.0  16568800.0   44010200.0  3913200.0   
2008-01-14 16:00:00  1973300.0  12458500.0   39301800.0  2995600.0   
2008-01-15 16:00:00  2771700.0  18320700.0   83688500.0  3239400.0   
2008-01-16 16:00:00  4043600.0  16816200.0   79065900.0  5542000.0   
2008-01-17 16:00:00  3680300.0  23602700.0   62780700.0  3202000.0   
2008-01-18 16:00:00  7021300.0  22043200.0   61583700.0  4647800.0   
2008-01-22 16:00:00  4934900.0  16652700.0   86955500.0  3933800.0   
2008-01-23 16:00:00  4812300.0  18697800.0  120463200.0  3713400.0   
2008-01-24 16:00:00  3060500.0  18290000.0   71638100.0  3923600.0   
2008-01-25 16:00:00  2741800.0  17567800.0   55526400.0  4767000.0   
2008-01-28 16:00:00  2374500.0   8445100.0   52673000.0  3690400.0   
2008-01-29 16:00:00  1737900.0  14338500.0   39285100.0  4396200.0   
2008-01-30 16:00:00  2674700.0  10241400.0   44394700.0  3676400.0   
2008-01-31 16:00:00  6063100.0   9200400.0   48059800.0  4027400.0   
2008-02-01 16:00:00  6279800.0  15186100.0   36098000.0  2880000.0   
2008-02-04 16:00:00  1819400.0   9528000.0   32115500.0  1674000.0   
2008-02-05 16:00:00  3349200.0  11338000.0   40751500.0  2696800.0   
2008-02-06 16:00:00  3346000.0   7230300.0   56188300.0  2257200.0   
2008-02-07 16:00:00  5518800.0   9058900.0   74404700.0  4551400.0   
2008-02-08 16:00:00  5493400.0  10731400.0   48427600.0  3171600.0   
2008-02-11 16:00:00  4600900.0  11249800.0   42908300.0  3830800.0   
2008-02-12 16:00:00  3866800.0  12418900.0   43785000.0  2356200.0   
2008-02-13 16:00:00  6019000.0  21082100.0   34590500.0  2123400.0   
...                        ...         ...          ...        ...   
2009-11-17 16:00:00  3172700.0  23417900.0   14161200.0  2248100.0   
2009-11-18 16:00:00  2806800.0  20623300.0   13368600.0  2873500.0   
2009-11-19 16:00:00  2213500.0  31789400.0   19368800.0  3715900.0   
2009-11-20 16:00:00  1978000.0  22322600.0   14523800.0  4907300.0   
2009-11-23 16:00:00  1679100.0  22144300.0   16960600.0  4550000.0   
2009-11-24 16:00:00  1550300.0  31703800.0   11372800.0  2341400.0   
2009-11-25 16:00:00  1505500.0  18217000.0   10230500.0  1776100.0   
2009-11-27 16:00:00   922500.0  15567600.0   10544900.0  1372500.0   
2009-11-30 16:00:00  2555200.0  24413800.0   15173500.0  3812800.0   
2009-12-01 16:00:00  2268600.0  26405600.0   16634400.0  2629200.0   
2009-12-02 16:00:00  2629400.0  49417600.0   25545000.0  3224700.0   
2009-12-03 16:00:00  3583700.0  33419100.0   16025700.0  2598600.0   
2009-12-04 16:00:00  3537000.0  46777200.0   29531600.0  3858900.0   
2009-12-07 16:00:00  2889500.0  22221600.0   25527100.0  2934100.0   
2009-12-08 16:00:00  1915400.0  20694200.0   24657100.0  3618500.0   
2009-12-09 16:00:00  3111300.0  25274600.0   24456500.0  3550700.0   
2009-12-10 16:00:00  1835400.0  32116100.0   17488200.0  6702700.0   
2009-12-11 16:00:00  1407600.0  75193700.0   15349100.0  2518400.0   
2009-12-14 16:00:00  1334200.0  36749900.0   17706800.0  2738300.0   
2009-12-15 16:00:00  1872000.0  19900500.0   14980700.0  5832300.0   
2009-12-16 16:00:00  2050800.0  30756200.0   12606600.0  6415300.0   
2009-12-17 16:00:00  1930700.0  20387400.0   13887100.0  4208300.0   
2009-12-18 16:00:00  3303500.0  29858900.0   21741800.0  4990400.0   
2009-12-21 16:00:00  3148600.0  60926900.0   21853800.0  2645200.0   
2009-12-22 16:00:00  2481900.0  31679100.0   12482700.0  2021800.0   
2009-12-23 16:00:00  2218400.0  26172000.0   12340200.0  2609700.0   
2009-12-24 16:00:00   756800.0  14327300.0   17888900.0   482000.0   
2009-12-28 16:00:00  1679300.0  19011600.0   23020200.0  1122900.0   
2009-12-29 16:00:00  3107200.0  14275200.0   15900200.0  1447400.0   
2009-12-30 16:00:00  3995000.0  18347200.0   14717300.0  1618300.0   

                            ABT        ACE        ACN        ADBE         ADI  \
2008-01-02 16:00:00   5381500.0  2090900.0  3455600.0   6047700.0   3838200.0   
2008-01-03 16:00:00   5231100.0  2351100.0  3424300.0   5186700.0   3744800.0   
2008-01-04 16:00:00   5902600.0  1733600.0  4636400.0   8938700.0   4037400.0   
2008-01-07 16:00:00   9916600.0  3089600.0  4086100.0   7757600.0   3305000.0   
2008-01-08 16:00:00  10543200.0  2056400.0  5045300.0   8896200.0   4130800.0   
2008-01-09 16:00:00   9876400.0  2124700.0  4734900.0   9059100.0   6033200.0   
2008-01-10 16:00:00   8462700.0  2846200.0  3512900.0   8393300.0   3643900.0   
2008-01-11 16:00:00   7986800.0  2081700.0  3567100.0  10801200.0   3810300.0   
2008-01-14 16:00:00   7526500.0  4358500.0  4044200.0   7212600.0   5746800.0   
2008-01-15 16:00:00   8141400.0  2716700.0  5216600.0   7776000.0   5396300.0   
2008-01-16 16:00:00   9650700.0  2459700.0  5807300.0   8595200.0   6775700.0   
2008-01-17 16:00:00   8327500.0  5712700.0  6275200.0  16896300.0   4002300.0   
2008-01-18 16:00:00   9933500.0  6822400.0  3091400.0  13735800.0   4839200.0   
2008-01-22 16:00:00  12035700.0  4445700.0  5913400.0  10188900.0   4406000.0   
2008-01-23 16:00:00  13288300.0  5861900.0  4780100.0  10292400.0   5398900.0   
2008-01-24 16:00:00   8085200.0  3083000.0  4892400.0   7290400.0   5599800.0   
2008-01-25 16:00:00   9016800.0  4811600.0  2762200.0   9220200.0   5718500.0   
2008-01-28 16:00:00   8363300.0  3023700.0  3705700.0   5746400.0   3114200.0   
2008-01-29 16:00:00   7391800.0  3169600.0  2331600.0   5445400.0   3027700.0   
2008-01-30 16:00:00   9335200.0  2564200.0  2822500.0   8767300.0   4542000.0   
2008-01-31 16:00:00  10402600.0  3584000.0  4254000.0  16394600.0   4778200.0   
2008-02-01 16:00:00   8991300.0  2354700.0  4145300.0  12343100.0   4580500.0   
2008-02-04 16:00:00   7117500.0  1935400.0  3180200.0   7861500.0   2636000.0   
2008-02-05 16:00:00   6637000.0  2446700.0  4578100.0   7366800.0   3739200.0   
2008-02-06 16:00:00   9015600.0  3388800.0  3332900.0  13228200.0   3172400.0   
2008-02-07 16:00:00   7515000.0  3217100.0  6956500.0  13594100.0   3685100.0   
2008-02-08 16:00:00   5703400.0  2990200.0  4707900.0   9771200.0   3494600.0   
2008-02-11 16:00:00   4471200.0  2735500.0  4322700.0   9909400.0   2893200.0   
2008-02-12 16:00:00   9130100.0  3117000.0  3918800.0   9894800.0   2971100.0   
2008-02-13 16:00:00   4338400.0  3205400.0  3378700.0   9843400.0   3274600.0   
...                         ...        ...        ...         ...         ...   
2009-11-17 16:00:00   5592600.0  1762700.0  4617600.0   3283300.0   1568300.0   
2009-11-18 16:00:00   4831900.0  1932800.0  3774100.0   3998400.0   3752400.0   
2009-11-19 16:00:00   6741500.0  2906400.0  2627600.0   3754500.0   4149700.0   
2009-11-20 16:00:00   6397800.0  2997900.0  3594700.0   3344500.0   3589100.0   
2009-11-23 16:00:00   9329100.0  2863100.0  3413800.0   3085500.0   4719000.0   
2009-11-24 16:00:00   8639100.0  2199000.0  2429800.0   3790700.0  14627100.0   
2009-11-25 16:00:00   4186900.0  2911100.0  1631800.0   2504400.0   4187900.0   
2009-11-27 16:00:00   2889900.0  2710200.0  1663000.0   2049600.0   2813000.0   
2009-11-30 16:00:00   7046000.0  2285800.0  5390000.0   5075000.0   4378500.0   
2009-12-01 16:00:00  10214900.0  3878300.0  4245300.0   5428900.0   5497900.0   
2009-12-02 16:00:00   5559000.0  2866200.0  4714600.0   3645700.0   5137300.0   
2009-12-03 16:00:00   5347400.0  2719800.0  3946900.0   3681300.0   4638100.0   
2009-12-04 16:00:00   6296300.0  2535700.0  3484700.0   4433200.0   6824700.0   
2009-12-07 16:00:00   5333700.0  2362500.0  4307200.0   3119500.0   3956100.0   
2009-12-08 16:00:00   5786400.0  1651100.0  6330500.0   3863200.0   3829200.0   
2009-12-09 16:00:00   4614900.0  1924700.0  5443700.0   4421500.0   4327800.0   
2009-12-10 16:00:00   6268800.0  1218000.0  3720000.0   3884500.0   2997400.0   
2009-12-11 16:00:00   5346900.0  1377100.0  3548800.0   4381500.0   3209300.0   
2009-12-14 16:00:00   4491900.0  2180900.0  3627100.0   5446500.0   2601500.0   
2009-12-15 16:00:00   4411800.0  3559500.0  5768400.0   8022900.0   2282700.0   
2009-12-16 16:00:00   5395700.0  1887700.0  4641900.0  15618700.0   3635300.0   
2009-12-17 16:00:00   5406900.0  2112900.0  5040600.0   6562800.0   2885500.0   
2009-12-18 16:00:00   9409400.0  1648600.0  8384800.0   9331800.0   3975200.0   
2009-12-21 16:00:00   5880900.0  1902600.0  5599800.0   5031900.0   3593500.0   
2009-12-22 16:00:00   4857900.0  1445000.0  5541100.0   3192200.0   2045000.0   
2009-12-23 16:00:00   2757800.0  1409700.0  2598300.0   5559600.0   1443800.0   
2009-12-24 16:00:00   1519400.0   525000.0  1085000.0   1350000.0    862500.0   
2009-12-28 16:00:00   4086600.0  1103000.0  2934900.0   2573500.0   2259700.0   
2009-12-29 16:00:00   4452700.0  1379300.0  2631900.0   3093200.0   1798700.0   
2009-12-30 16:00:00   3590400.0   959200.0  2267400.0   2124100.0   1849500.0   

                            ADM     ...             XLNX         XOM  \
2008-01-02 16:00:00  11937000.0     ...        6928700.0  23351900.0   
2008-01-03 16:00:00   5944300.0     ...        3559300.0  19160600.0   
2008-01-04 16:00:00   6932200.0     ...        6668400.0  24730900.0   
2008-01-07 16:00:00   8137100.0     ...        4918900.0  28937500.0   
2008-01-08 16:00:00   8629400.0     ...        8849000.0  21764500.0   
2008-01-09 16:00:00  10227600.0     ...        6032700.0  26198800.0   
2008-01-10 16:00:00   9440700.0     ...        6965400.0  27285300.0   
2008-01-11 16:00:00   8905100.0     ...        5927100.0  22727200.0   
2008-01-14 16:00:00   7839200.0     ...        5386200.0  20425900.0   
2008-01-15 16:00:00  10240800.0     ...        8658400.0  26486000.0   
2008-01-16 16:00:00  11197100.0     ...        9723600.0  35965400.0   
2008-01-17 16:00:00  12541700.0     ...        8814000.0  34096500.0   
2008-01-18 16:00:00   9179900.0     ...       18907400.0  43830600.0   
2008-01-22 16:00:00   8746400.0     ...       10645200.0  49613500.0   
2008-01-23 16:00:00   8017700.0     ...       12760600.0  47420700.0   
2008-01-24 16:00:00   6749900.0     ...        8945400.0  31180900.0   
2008-01-25 16:00:00   7167700.0     ...        9781400.0  28236100.0   
2008-01-28 16:00:00   6740800.0     ...        5807200.0  23688800.0   
2008-01-29 16:00:00   5690000.0     ...        5058300.0  22488400.0   
2008-01-30 16:00:00   4862200.0     ...        6552100.0  24131900.0   
2008-01-31 16:00:00   8157000.0     ...        8946800.0  32970800.0   
2008-02-01 16:00:00   6847000.0     ...       10051900.0  28440200.0   
2008-02-04 16:00:00   7867500.0     ...        7075900.0  18836700.0   
2008-02-05 16:00:00   6828800.0     ...        6922000.0  30599700.0   
2008-02-06 16:00:00   4932500.0     ...        7045200.0  29215900.0   
2008-02-07 16:00:00   5181500.0     ...       10271000.0  26611800.0   
2008-02-08 16:00:00   5962400.0     ...        6184200.0  24176500.0   
2008-02-11 16:00:00   6333200.0     ...        6533000.0  22697000.0   
2008-02-12 16:00:00   6105800.0     ...        5980600.0  25150600.0   
2008-02-13 16:00:00   5215700.0     ...        4799800.0  21546600.0   
...                         ...     ...              ...         ...   
2009-11-17 16:00:00   4978600.0     ...        2619100.0  22920700.0   
2009-11-18 16:00:00   4807400.0     ...        2927000.0  16645700.0   
2009-11-19 16:00:00   5659100.0     ...        4769300.0  17253900.0   
2009-11-20 16:00:00   3927200.0     ...        3821800.0  19269900.0   
2009-11-23 16:00:00   4536800.0     ...        4448200.0  18947100.0   
2009-11-24 16:00:00   4076400.0     ...        3055100.0  17120900.0   
2009-11-25 16:00:00   2666700.0     ...        3618500.0  13269200.0   
2009-11-27 16:00:00   2703500.0     ...        1800900.0  12105300.0   
2009-11-30 16:00:00   5651100.0     ...        3982200.0  21436400.0   
2009-12-01 16:00:00   6666600.0     ...        5758500.0  17375700.0   
2009-12-02 16:00:00   3674100.0     ...        4066900.0  14786900.0   
2009-12-03 16:00:00   3449100.0     ...        8305600.0  17852600.0   
2009-12-04 16:00:00   4627100.0     ...        7921300.0  23700900.0   
2009-12-07 16:00:00   3515900.0     ...        4088000.0  17835600.0   
2009-12-08 16:00:00   5318100.0     ...       11192100.0  18492900.0   
2009-12-09 16:00:00   3889000.0     ...        7539500.0  17228500.0   
2009-12-10 16:00:00   4944700.0     ...        4764800.0  23423700.0   
2009-12-11 16:00:00   4477500.0     ...        4341900.0  17128300.0   
2009-12-14 16:00:00   6332400.0     ...        4570700.0  91458900.0   
2009-12-15 16:00:00   5103200.0     ...        4338800.0  54419600.0   
2009-12-16 16:00:00   5149400.0     ...       10216600.0  57711800.0   
2009-12-17 16:00:00   3760700.0     ...        5538500.0  46627000.0   
2009-12-18 16:00:00   5004300.0     ...        5580500.0  62989400.0   
2009-12-21 16:00:00   3400600.0     ...        3960200.0  34470100.0   
2009-12-22 16:00:00   2677300.0     ...        3110900.0  27941800.0   
2009-12-23 16:00:00   2646100.0     ...        2112100.0  18958900.0   
2009-12-24 16:00:00   1025300.0     ...         956400.0   8149200.0   
2009-12-28 16:00:00   1591100.0     ...        2201700.0  19694600.0   
2009-12-29 16:00:00   2181700.0     ...        2286100.0  19985700.0   
2009-12-30 16:00:00   1789100.0     ...        2387500.0  19860600.0   

                          XRAY         XRX  XYL         YHOO         YUM  \
2008-01-02 16:00:00   933900.0   5591600.0  1.0   25671700.0   2970700.0   
2008-01-03 16:00:00   673700.0   4205100.0  1.0   20179700.0   2765600.0   
2008-01-04 16:00:00   909000.0   4578700.0  1.0   20745800.0   4354200.0   
2008-01-07 16:00:00   895600.0   6421700.0  1.0   24769400.0   4577000.0   
2008-01-08 16:00:00  1423800.0   4786700.0  1.0   22974000.0   3798400.0   
2008-01-09 16:00:00  1199600.0   8511700.0  1.0   46662700.0   4622800.0   
2008-01-10 16:00:00  1618300.0   7632400.0  1.0   52342100.0   4074800.0   
2008-01-11 16:00:00  1224200.0   5842000.0  1.0   27297400.0   9657200.0   
2008-01-14 16:00:00  1032300.0   3849200.0  1.0   18552900.0   5663400.0   
2008-01-15 16:00:00  1263500.0   6623900.0  1.0   31911000.0   7601800.0   
2008-01-16 16:00:00  1547700.0  10101600.0  1.0   38155300.0   7025400.0   
2008-01-17 16:00:00  1206400.0   5825500.0  1.0   28812600.0   6554300.0   
2008-01-18 16:00:00  1963800.0   8406400.0  1.0   41239300.0   5761300.0   
2008-01-22 16:00:00  1831500.0   7046500.0  1.0   38126200.0   6670500.0   
2008-01-23 16:00:00  2352600.0  12209600.0  1.0   42064200.0   7647100.0   
2008-01-24 16:00:00  1788600.0  11882800.0  1.0   39823300.0   7054000.0   
2008-01-25 16:00:00  1943100.0  10741200.0  1.0   28386800.0   6493800.0   
2008-01-28 16:00:00  1752600.0   9460200.0  1.0   32473100.0   8107100.0   
2008-01-29 16:00:00  1047000.0   7300500.0  1.0   79230000.0   5226300.0   
2008-01-30 16:00:00  1323700.0   8003400.0  1.0  115993300.0   6843200.0   
2008-01-31 16:00:00  2014800.0   8491500.0  1.0   41449800.0  13698800.0   
2008-02-01 16:00:00  1797100.0   7070800.0  1.0  438248800.0   8179600.0   
2008-02-04 16:00:00  1957800.0   7361100.0  1.0  144814000.0   7775400.0   
2008-02-05 16:00:00  1765800.0   5877900.0  1.0   68583700.0  10869700.0   
2008-02-06 16:00:00  2485800.0   6266900.0  1.0   55648800.0   6489200.0   
2008-02-07 16:00:00  2105000.0   6729700.0  1.0   44248800.0   5740000.0   
2008-02-08 16:00:00  1930800.0   5481800.0  1.0   55618900.0   3614700.0   
2008-02-11 16:00:00  1221400.0   4274000.0  1.0   67253700.0   3541600.0   
2008-02-12 16:00:00  1218600.0   4672500.0  1.0   42445600.0   3520700.0   
2008-02-13 16:00:00   997400.0   5714800.0  1.0   57047700.0   4229100.0   
...                        ...         ...  ...          ...         ...   
2009-11-17 16:00:00  1052000.0  15239400.0  1.0   22249500.0   2995900.0   
2009-11-18 16:00:00   813400.0  12247300.0  1.0   12775400.0   2709900.0   
2009-11-19 16:00:00  1154300.0  16168700.0  1.0   26891000.0   2645900.0   
2009-11-20 16:00:00  1113600.0  10024800.0  1.0   16127300.0   3323300.0   
2009-11-23 16:00:00   981300.0  12118600.0  1.0   24501400.0   3110700.0   
2009-11-24 16:00:00  1256800.0   7891600.0  1.0   19774000.0   2993300.0   
2009-11-25 16:00:00   622700.0   9621900.0  1.0   21370600.0   2064000.0   
2009-11-27 16:00:00   416800.0   5044100.0  1.0   11452900.0   1440900.0   
2009-11-30 16:00:00  1145700.0  10445400.0  1.0   17587000.0   3173200.0   
2009-12-01 16:00:00  1002300.0  13341000.0  1.0   17096500.0   3865500.0   
2009-12-02 16:00:00   747900.0   9575900.0  1.0   17807800.0   3291500.0   
2009-12-03 16:00:00   887000.0   6575500.0  1.0   17196200.0   6062700.0   
2009-12-04 16:00:00  1150200.0  20685600.0  1.0   17576000.0  15261700.0   
2009-12-07 16:00:00   588400.0   8563800.0  1.0   18035200.0   5064200.0   
2009-12-08 16:00:00   983500.0   8490600.0  1.0   31160600.0   6984500.0   
2009-12-09 16:00:00   741300.0  10008300.0  1.0   25396900.0   7544800.0   
2009-12-10 16:00:00   878700.0  11887800.0  1.0   18743000.0   4575400.0   
2009-12-11 16:00:00  1276200.0   7899500.0  1.0   22607500.0   2340900.0   
2009-12-14 16:00:00   793400.0  19261200.0  1.0   18086300.0   3505700.0   
2009-12-15 16:00:00   836400.0  23965900.0  1.0   13272900.0   2588500.0   
2009-12-16 16:00:00   899100.0  31034600.0  1.0   20637500.0   1896600.0   
2009-12-17 16:00:00   831400.0  12234100.0  1.0   26156700.0   2473500.0   
2009-12-18 16:00:00  1749200.0  11816900.0  1.0   30021100.0   3836900.0   
2009-12-21 16:00:00   854100.0   6909300.0  1.0   17806100.0   2853000.0   
2009-12-22 16:00:00   489900.0  11410600.0  1.0   10631600.0   2210000.0   
2009-12-23 16:00:00   581900.0   5305800.0  1.0   23584100.0   1893500.0   
2009-12-24 16:00:00   203400.0   2410100.0  1.0    4736600.0   1028500.0   
2009-12-28 16:00:00   435600.0  10315400.0  1.0   11504300.0   1795900.0   
2009-12-29 16:00:00   439900.0   8699600.0  1.0   13450200.0   2045100.0   
2009-12-30 16:00:00   575300.0   7212700.0  1.0    8188000.0   1356000.0   

                           ZION        ZMH          SPY  
2008-01-02 16:00:00   1938800.0  1433600.0  204935600.0  
2008-01-03 16:00:00   1538300.0  1524700.0  125133300.0  
2008-01-04 16:00:00   1921200.0  2246700.0  232330900.0  
2008-01-07 16:00:00   2608000.0  2709500.0  234991000.0  
2008-01-08 16:00:00   3228300.0  4586100.0  326365700.0  
2008-01-09 16:00:00   4521100.0  3070400.0  301824900.0  
2008-01-10 16:00:00   2496200.0  2798300.0  335701200.0  
2008-01-11 16:00:00   1777600.0  2648800.0  267076600.0  
2008-01-14 16:00:00   1599500.0  2026300.0  170365500.0  
2008-01-15 16:00:00   1741000.0  2134700.0  239940100.0  
2008-01-16 16:00:00   3361200.0  2309600.0  378802600.0  
2008-01-17 16:00:00   1890700.0  2460100.0  397892600.0  
2008-01-18 16:00:00   2461200.0  2732900.0  348561500.0  
2008-01-22 16:00:00   2828000.0  3142500.0  435923700.0  
2008-01-23 16:00:00   3702200.0  4010900.0  511913000.0  
2008-01-24 16:00:00   4433000.0  2965100.0  259949300.0  
2008-01-25 16:00:00   3675200.0  2298500.0  269603900.0  
2008-01-28 16:00:00   2006500.0  3021900.0  217934600.0  
2008-01-29 16:00:00   2473900.0  9224500.0  168968300.0  
2008-01-30 16:00:00   3209800.0  4737100.0  334939200.0  
2008-01-31 16:00:00   4046700.0  4470400.0  343680800.0  
2008-02-01 16:00:00   3021900.0  2464100.0  206843600.0  
2008-02-04 16:00:00   2636300.0  1615000.0  124694300.0  
2008-02-05 16:00:00   2426600.0  2311200.0  286882500.0  
2008-02-06 16:00:00   1606500.0  2465500.0  250792900.0  
2008-02-07 16:00:00   2752700.0  2508900.0  297368100.0  
2008-02-08 16:00:00   2870000.0  1540000.0  221643500.0  
2008-02-11 16:00:00   2044000.0  1545300.0  188576300.0  
2008-02-12 16:00:00   2889900.0  1301500.0  256654400.0  
2008-02-13 16:00:00   2628500.0  1176800.0  181967800.0  
...                         ...        ...          ...  
2009-11-17 16:00:00   4425300.0  1977100.0  147134100.0  
2009-11-18 16:00:00   4207100.0  2568800.0  156486800.0  
2009-11-19 16:00:00   5224000.0  1997500.0  208734600.0  
2009-11-20 16:00:00   4029800.0  2145200.0  134196000.0  
2009-11-23 16:00:00  17842600.0  1460500.0  148010200.0  
2009-11-24 16:00:00   7795200.0  1515400.0  138420100.0  
2009-11-25 16:00:00   5196700.0  1431200.0  109564800.0  
2009-11-27 16:00:00   2385400.0   958800.0  126001800.0  
2009-11-30 16:00:00   4934700.0  1957800.0  160874800.0  
2009-12-01 16:00:00   4935600.0  2049500.0  159613700.0  
2009-12-02 16:00:00   5003900.0  1663100.0  132315100.0  
2009-12-03 16:00:00   7291900.0  3187200.0  167324900.0  
2009-12-04 16:00:00   6111400.0  1406800.0  274907800.0  
2009-12-07 16:00:00   5229300.0   961700.0  127973800.0  
2009-12-08 16:00:00   7954500.0  2048900.0  169863700.0  
2009-12-09 16:00:00   7559700.0  1579200.0  155063400.0  
2009-12-10 16:00:00   4811800.0  1103700.0  138014600.0  
2009-12-11 16:00:00   3494300.0  1173200.0  124854000.0  
2009-12-14 16:00:00   3948400.0   947000.0  107141500.0  
2009-12-15 16:00:00   5638300.0  1408800.0  120408800.0  
2009-12-16 16:00:00   4555200.0  1563000.0  155358200.0  
2009-12-17 16:00:00   3630100.0  1429000.0  183390100.0  
2009-12-18 16:00:00   5720000.0  1798700.0  174591200.0  
2009-12-21 16:00:00   3089900.0   674100.0  118039600.0  
2009-12-22 16:00:00   3029600.0   619300.0   91707500.0  
2009-12-23 16:00:00   3833200.0   764300.0  111783100.0  
2009-12-24 16:00:00   1145500.0   234500.0   39677500.0  
2009-12-28 16:00:00   3281500.0   545200.0   87508500.0  
2009-12-29 16:00:00   2129100.0   590200.0   80572500.0  
2009-12-30 16:00:00   2799500.0   577100.0   73138400.0  

[504 rows x 502 columns]"
high,"                         A     AA    AAPL    ABC    ABT    ACE    ACN   ADBE  \
2008-01-02 16:00:00  36.80  36.78  200.26  45.06  56.64  62.09  36.65  43.25   
2008-01-03 16:00:00  36.35  36.67  197.39  45.09  56.11  61.46  36.50  42.21   
2008-01-04 16:00:00  35.85  35.93  193.00  44.81  56.59  61.49  35.39  41.49   
2008-01-07 16:00:00  35.88  35.01  183.60  44.53  58.02  62.21  35.32  40.75   
2008-01-08 16:00:00  35.75  33.55  182.46  46.56  60.00  61.99  35.23  40.19   
2008-01-09 16:00:00  35.71  31.41  179.50  46.15  60.29  61.18  34.37  39.62   
2008-01-10 16:00:00  37.25  32.01  181.00  47.05  61.09  62.43  33.99  39.50   
2008-01-11 16:00:00  37.41  31.92  177.85  48.00  60.76  61.62  33.64  39.19   
2008-01-14 16:00:00  37.83  32.93  179.42  47.61  61.00  60.73  33.84  38.64   
2008-01-15 16:00:00  36.34  32.55  179.22  46.79  60.08  62.00  33.72  38.42   
2008-01-16 16:00:00  36.28  31.63  169.01  47.19  61.07  61.85  34.51  38.37   
2008-01-17 16:00:00  36.13  30.95  165.36  46.94  60.78  60.66  34.39  37.52   
2008-01-18 16:00:00  35.16  30.04  165.75  47.15  60.86  58.85  33.96  36.01   
2008-01-22 16:00:00  33.13  29.14  159.98  47.42  59.75  59.10  33.99  34.49   
2008-01-23 16:00:00  33.56  29.20  140.00  45.84  58.16  60.35  33.33  34.48   
2008-01-24 16:00:00  34.02  30.90  140.70  46.30  60.04  61.29  34.00  34.70   
2008-01-25 16:00:00  34.05  31.89  139.09  46.86  57.48  61.69  34.42  35.62   
2008-01-28 16:00:00  33.56  31.52  133.20  45.44  56.60  58.95  33.96  35.32   
2008-01-29 16:00:00  33.65  33.13  132.79  48.08  56.96  59.83  34.60  35.85   
2008-01-30 16:00:00  34.91  33.42  135.45  48.60  57.00  60.37  34.66  36.45   
2008-01-31 16:00:00  34.13  33.34  136.65  47.65  56.70  59.02  34.97  35.13   
2008-02-01 16:00:00  34.66  34.45  136.59  46.95  57.69  59.39  35.48  34.99   
2008-02-04 16:00:00  34.86  34.85  135.90  47.49  58.50  59.96  35.22  35.46   
2008-02-05 16:00:00  34.59  33.64  134.00  46.98  58.19  60.08  33.88  34.76   
2008-02-06 16:00:00  34.57  33.37  131.92  46.40  58.40  60.30  34.12  34.69   
2008-02-07 16:00:00  33.50  33.25  124.78  45.80  58.17  60.40  33.48  33.07   
2008-02-08 16:00:00  32.32  33.81  125.70  45.58  57.90  58.96  34.08  33.28   
2008-02-11 16:00:00  32.00  34.25  129.98  45.23  57.36  57.10  34.29  34.14   
2008-02-12 16:00:00  32.30  34.64  131.00  45.11  56.72  57.46  35.27  35.02   
2008-02-13 16:00:00  33.16  35.52  129.78  45.40  56.76  57.23  35.84  35.36   
...                    ...    ...     ...    ...    ...    ...    ...    ...   
2009-11-17 16:00:00  29.71  13.77  207.44  24.52  53.62  51.50  40.50  36.95   
2009-11-18 16:00:00  29.50  13.80  207.00  24.52  53.31  51.65  40.44  36.78   
2009-11-19 16:00:00  29.36  13.54  204.61  24.61  53.20  51.05  40.05  36.48   
2009-11-20 16:00:00  29.05  13.15  200.39  24.70  53.74  50.11  39.92  36.07   
2009-11-23 16:00:00  29.53  13.44  206.00  25.11  53.84  50.46  40.60  36.68   
2009-11-24 16:00:00  29.32  13.06  205.88  25.07  54.49  50.02  40.93  36.44   
2009-11-25 16:00:00  29.54  13.12  205.65  25.19  54.59  50.66  40.68  36.33   
2009-11-27 16:00:00  29.09  12.80  202.96  25.04  54.34  49.37  40.58  35.66   
2009-11-30 16:00:00  28.95  12.82  201.68  24.92  54.55  48.80  41.07  35.44   
2009-12-01 16:00:00  29.49  12.96  202.77  24.95  54.87  50.03  41.78  36.53   
2009-12-02 16:00:00  29.69  13.64  201.42  24.93  54.97  50.59  42.10  36.91   
2009-12-03 16:00:00  30.06  13.65  198.98  24.87  54.69  50.02  42.19  36.84   
2009-12-04 16:00:00  30.48  13.74  199.88  24.94  54.65  49.08  42.59  36.94   
2009-12-07 16:00:00  29.99  13.28  193.77  24.88  54.25  49.76  43.33  36.84   
2009-12-08 16:00:00  29.77  12.97  192.35  24.68  53.64  49.67  43.23  36.27   
2009-12-09 16:00:00  29.54  13.10  198.16  24.50  53.67  49.89  42.30  36.00   
2009-12-10 16:00:00  29.94  13.59  199.70  25.13  54.34  50.28  42.90  36.15   
2009-12-11 16:00:00  29.88  14.69  198.00  25.17  54.35  50.70  43.00  35.98   
2009-12-14 16:00:00  30.00  15.00  197.43  25.19  54.31  50.88  42.65  35.84   
2009-12-15 16:00:00  30.08  14.88  197.51  25.93  54.22  49.74  42.07  36.66   
2009-12-16 16:00:00  30.08  15.15  196.50  26.58  54.45  49.79  42.26  38.20   
2009-12-17 16:00:00  29.76  14.80  195.00  26.25  53.83  49.09  42.00  37.52   
2009-12-18 16:00:00  29.83  14.73  195.50  26.15  53.75  48.96  41.86  37.47   
2009-12-21 16:00:00  29.94  15.98  199.75  26.55  54.20  49.14  41.50  37.68   
2009-12-22 16:00:00  30.32  15.81  200.85  26.42  54.29  49.78  40.95  37.50   
2009-12-23 16:00:00  30.40  16.00  202.38  26.45  54.37  50.05  41.32  37.37   
2009-12-24 16:00:00  30.39  16.37  209.35  26.46  54.42  50.22  41.49  37.17   
2009-12-28 16:00:00  30.44  16.51  213.95  26.53  54.55  50.43  41.90  37.42   
2009-12-29 16:00:00  30.47  16.28  212.72  26.56  54.93  50.52  41.97  37.34   
2009-12-30 16:00:00  31.24  16.35  212.00  26.38  54.55  50.67  41.98  37.50   

                       ADI    ADM   ...     XLNX    XOM   XRAY    XRX  XYL  \
2008-01-02 16:00:00  31.51  46.50   ...    22.00  94.55  45.40  16.43  1.0   
2008-01-03 16:00:00  30.47  46.30   ...    21.18  94.74  44.40  15.90  1.0   
2008-01-04 16:00:00  29.85  46.79   ...    21.17  94.36  44.47  15.61  1.0   
2008-01-07 16:00:00  29.22  46.17   ...    20.78  93.15  44.65  15.41  1.0   
2008-01-08 16:00:00  29.13  46.25   ...    20.66  92.05  45.00  15.26  1.0   
2008-01-09 16:00:00  27.98  45.26   ...    20.02  91.73  45.85  15.12  1.0   
2008-01-10 16:00:00  27.77  45.05   ...    20.28  92.16  46.60  14.87  1.0   
2008-01-11 16:00:00  27.48  44.91   ...    20.13  91.86  47.06  14.65  1.0   
2008-01-14 16:00:00  27.47  45.97   ...    19.87  91.25  46.95  14.57  1.0   
2008-01-15 16:00:00  27.48  45.19   ...    19.45  89.89  45.60  14.39  1.0   
2008-01-16 16:00:00  27.99  44.95   ...    19.95  89.35  46.73  14.11  1.0   
2008-01-17 16:00:00  27.97  42.35   ...    20.19  87.91  46.76  13.97  1.0   
2008-01-18 16:00:00  27.80  42.00   ...    22.00  86.47  45.55  14.40  1.0   
2008-01-22 16:00:00  27.54  40.60   ...    21.39  83.98  44.22  13.29  1.0   
2008-01-23 16:00:00  28.00  40.99   ...    21.73  83.49  43.10  13.36  1.0   
2008-01-24 16:00:00  29.06  42.51   ...    22.12  86.07  43.08  14.35  1.0   
2008-01-25 16:00:00  29.50  43.27   ...    22.25  86.99  43.20  14.69  1.0   
2008-01-28 16:00:00  28.10  43.49   ...    21.90  85.34  41.90  15.19  1.0   
2008-01-29 16:00:00  28.34  43.65   ...    22.01  86.36  42.67  15.26  1.0   
2008-01-30 16:00:00  28.45  43.85   ...    22.24  87.47  42.16  15.78  1.0   
2008-01-31 16:00:00  28.60  44.48   ...    22.27  86.40  41.73  15.73  1.0   
2008-02-01 16:00:00  29.21  45.59   ...    23.39  87.86  42.00  15.94  1.0   
2008-02-04 16:00:00  29.10  46.00   ...    23.25  86.29  41.57  15.85  1.0   
2008-02-05 16:00:00  28.38  44.87   ...    22.16  84.22  40.81  15.47  1.0   
2008-02-06 16:00:00  28.06  42.48   ...    21.80  83.07  42.11  15.54  1.0   
2008-02-07 16:00:00  27.97  41.78   ...    21.45  82.51  40.92  15.28  1.0   
2008-02-08 16:00:00  28.06  42.28   ...    21.71  82.40  41.94  15.45  1.0   
2008-02-11 16:00:00  28.56  43.03   ...    22.20  83.30  41.03  15.38  1.0   
2008-02-12 16:00:00  28.75  44.56   ...    22.34  85.08  40.95  15.40  1.0   
2008-02-13 16:00:00  28.83  44.58   ...    22.55  85.70  41.46  15.60  1.0   
...                    ...    ...   ...      ...    ...    ...    ...  ...   
2009-11-17 16:00:00  28.20  32.36   ...    23.48  75.16  34.25   8.05  1.0   
2009-11-18 16:00:00  28.90  32.55   ...    23.46  75.40  33.86   8.00  1.0   
2009-11-19 16:00:00  28.00  31.94   ...    23.03  74.90  33.66   7.90  1.0   
2009-11-20 16:00:00  27.75  31.75   ...    22.44  74.81  33.00   7.87  1.0   
2009-11-23 16:00:00  27.99  32.17   ...    22.77  75.96  33.58   7.97  1.0   
2009-11-24 16:00:00  30.06  32.05   ...    22.78  75.99  33.72   7.95  1.0   
2009-11-25 16:00:00  30.15  31.53   ...    23.02  76.54  33.91   7.95  1.0   
2009-11-27 16:00:00  29.95  30.86   ...    22.83  75.38  33.57   7.84  1.0   
2009-11-30 16:00:00  29.99  30.85   ...    22.80  75.35  33.36   7.80  1.0   
2009-12-01 16:00:00  30.48  31.96   ...    23.54  76.24  33.85   7.90  1.0   
2009-12-02 16:00:00  30.60  31.93   ...    23.72  76.30  34.21   7.88  1.0   
2009-12-03 16:00:00  30.73  31.82   ...    23.55  75.76  34.64   7.84  1.0   
2009-12-04 16:00:00  30.98  31.98   ...    23.58  75.97  34.50   7.92  1.0   
2009-12-07 16:00:00  30.75  31.69   ...    23.63  74.72  34.54   8.00  1.0   
2009-12-08 16:00:00  30.60  31.04   ...    24.02  73.50  34.35   7.86  1.0   
2009-12-09 16:00:00  30.49  30.85   ...    24.01  73.55  33.79   7.92  1.0   
2009-12-10 16:00:00  30.65  30.98   ...    24.28  73.56  34.56   8.02  1.0   
2009-12-11 16:00:00  30.65  31.03   ...    24.18  73.15  34.68   7.98  1.0   
2009-12-14 16:00:00  30.69  30.81   ...    23.98  71.30  35.10   8.25  1.0   
2009-12-15 16:00:00  30.75  31.00   ...    24.11  70.11  35.67   8.42  1.0   
2009-12-16 16:00:00  31.03  31.70   ...    24.88  69.60  35.81   8.72  1.0   
2009-12-17 16:00:00  30.80  31.23   ...    24.79  68.86  35.00   8.47  1.0   
2009-12-18 16:00:00  31.00  30.85   ...    24.75  68.80  34.57   8.52  1.0   
2009-12-21 16:00:00  31.29  31.24   ...    25.09  68.75  35.07   8.52  1.0   
2009-12-22 16:00:00  31.39  31.13   ...    25.30  69.21  35.26   8.66  1.0   
2009-12-23 16:00:00  31.38  31.47   ...    25.18  68.78  35.55   8.61  1.0   
2009-12-24 16:00:00  31.73  31.69   ...    25.36  68.75  35.46   8.71  1.0   
2009-12-28 16:00:00  31.73  31.75   ...    25.45  69.12  35.45   8.70  1.0   
2009-12-29 16:00:00  31.42  31.89   ...    25.30  69.40  35.52   8.69  1.0   
2009-12-30 16:00:00  31.76  31.76   ...    25.45  68.96  35.56   8.67  1.0   

                      YHOO    YUM   ZION    ZMH     SPY  
2008-01-02 16:00:00  24.15  38.38  46.76  66.72  146.99  
2008-01-03 16:00:00  24.19  38.22  45.61  67.08  145.49  
2008-01-04 16:00:00  23.81  37.14  43.62  67.13  143.44  
2008-01-07 16:00:00  23.56  37.93  43.80  69.11  142.23  
2008-01-08 16:00:00  23.65  38.12  43.89  69.90  142.90  
2008-01-09 16:00:00  22.80  38.17  41.87  67.71  140.79  
2008-01-10 16:00:00  24.57  39.10  44.44  69.50  142.80  
2008-01-11 16:00:00  24.13  38.70  45.19  70.35  141.90  
2008-01-14 16:00:00  23.76  37.10  44.50  70.64  141.86  
2008-01-15 16:00:00  23.49  36.35  43.35  68.59  141.49  
2008-01-16 16:00:00  22.75  35.25  45.38  68.42  139.12  
2008-01-17 16:00:00  22.17  34.83  44.67  68.66  137.88  
2008-01-18 16:00:00  21.61  34.36  43.29  68.75  135.02  
2008-01-22 16:00:00  21.03  33.71  44.46  67.51  132.43  
2008-01-23 16:00:00  20.34  36.11  47.37  66.76  134.19  
2008-01-24 16:00:00  21.75  37.62  49.48  67.83  135.46  
2008-01-25 16:00:00  22.37  37.73  52.04  67.91  136.76  
2008-01-28 16:00:00  21.90  35.99  49.43  68.45  135.52  
2008-01-29 16:00:00  20.90  36.24  51.38  77.42  136.45  
2008-01-30 16:00:00  20.81  36.00  54.40  79.24  138.54  
2008-01-31 16:00:00  19.35  34.68  55.41  78.76  138.54  
2008-02-01 16:00:00  29.83  35.33  57.05  79.39  139.61  
2008-02-04 16:00:00  29.50  36.15  55.58  79.00  139.30  
2008-02-05 16:00:00  29.57  35.95  53.42  77.49  136.25  
2008-02-06 16:00:00  29.33  35.27  53.88  78.24  135.25  
2008-02-07 16:00:00  29.19  34.75  54.96  78.53  134.79  
2008-02-08 16:00:00  29.22  34.65  53.11  78.67  134.22  
2008-02-11 16:00:00  30.05  34.50  52.27  77.96  134.23  
2008-02-12 16:00:00  29.84  35.50  52.85  79.13  136.31  
2008-02-13 16:00:00  30.07  35.79  52.39  79.14  137.06  
...                    ...    ...    ...    ...     ...  
2009-11-17 16:00:00  16.11  36.09  13.62  56.95  111.39  
2009-11-18 16:00:00  16.13  36.15  13.69  58.21  111.43  
2009-11-19 16:00:00  15.85  35.75  13.32  58.08  111.31  
2009-11-20 16:00:00  15.74  35.77  12.92  57.06  109.76  
2009-11-23 16:00:00  15.65  36.20  14.71  58.20  111.74  
2009-11-24 16:00:00  15.49  35.87  14.12  58.47  111.20  
2009-11-25 16:00:00  15.35  35.80  13.48  59.31  111.50  
2009-11-27 16:00:00  15.09  35.53  13.00  59.07  110.32  
2009-11-30 16:00:00  15.10  35.60  13.15  59.41  110.20  
2009-12-01 16:00:00  15.19  35.57  13.36  59.68  111.66  
2009-12-02 16:00:00  15.50  35.50  13.60  59.24  112.01  
2009-12-03 16:00:00  15.38  35.55  13.69  59.44  112.18  
2009-12-04 16:00:00  15.38  35.00  13.15  59.12  112.38  
2009-12-07 16:00:00  15.65  34.28  13.38  59.65  111.53  
2009-12-08 16:00:00  15.90  34.20  13.86  58.87  110.77  
2009-12-09 16:00:00  15.54  34.62  14.13  58.50  110.18  
2009-12-10 16:00:00  15.57  34.96  14.06  59.48  111.12  
2009-12-11 16:00:00  15.90  34.72  13.69  59.59  111.36  
2009-12-14 16:00:00  15.97  34.95  13.80  60.23  112.00  
2009-12-15 16:00:00  15.88  34.83  13.51  60.50  111.92  
2009-12-16 16:00:00  15.82  34.93  13.24  60.64  112.13  
2009-12-17 16:00:00  15.96  34.69  13.04  59.35  110.93  
2009-12-18 16:00:00  16.14  34.58  13.13  58.74  110.30  
2009-12-21 16:00:00  16.17  35.04  13.28  59.48  111.70  
2009-12-22 16:00:00  16.08  35.39  13.22  59.50  111.97  
2009-12-23 16:00:00  16.70  35.45  13.20  60.11  112.11  
2009-12-24 16:00:00  16.75  35.57  13.02  60.31  112.60  
2009-12-28 16:00:00  16.94  35.53  13.07  60.52  112.99  
2009-12-29 16:00:00  16.97  35.44  12.87  60.46  113.03  
2009-12-30 16:00:00  16.99  35.43  12.80  60.22  112.65  

[504 rows x 502 columns]"
low,"                         A     AA    AAPL    ABC    ABT    ACE    ACN   ADBE  \
2008-01-02 16:00:00  36.12  36.00  192.55  44.45  55.51  60.77  35.74  41.45   
2008-01-03 16:00:00  35.87  35.74  192.69  44.20  55.41  60.40  35.26  41.50   
2008-01-04 16:00:00  34.72  34.51  178.89  43.64  55.00  60.36  34.56  40.01   
2008-01-07 16:00:00  35.05  32.43  170.23  43.70  56.00  60.27  33.52  39.68   
2008-01-08 16:00:00  35.15  30.85  170.80  44.73  57.67  60.05  33.94  39.19   
2008-01-09 16:00:00  34.72  30.13  168.30  45.05  58.85  59.44  32.95  38.92   
2008-01-10 16:00:00  35.14  30.95  175.41  45.80  59.32  60.24  33.11  38.69   
2008-01-11 16:00:00  35.98  31.05  170.00  46.14  59.50  59.88  32.68  37.92   
2008-01-14 16:00:00  36.20  31.78  175.17  46.70  59.41  59.45  33.01  38.03   
2008-01-15 16:00:00  35.66  31.13  164.66  45.76  58.75  60.15  32.85  37.74   
2008-01-16 16:00:00  35.00  30.14  156.70  45.90  59.28  60.04  33.01  37.46   
2008-01-17 16:00:00  35.19  28.68  158.42  46.25  59.48  57.93  33.14  34.90   
2008-01-18 16:00:00  33.10  28.70  159.61  45.75  58.76  55.52  33.47  34.80   
2008-01-22 16:00:00  31.26  27.12  146.00  44.71  55.44  54.16  32.00  32.99   
2008-01-23 16:00:00  31.45  26.69  126.14  43.24  54.67  56.23  31.91  32.61   
2008-01-24 16:00:00  33.28  29.00  132.01  44.51  56.68  59.30  32.82  33.56   
2008-01-25 16:00:00  33.00  30.55  129.61  44.66  55.44  57.42  33.63  34.72   
2008-01-28 16:00:00  32.79  30.06  126.45  44.19  55.16  56.93  33.12  34.80   
2008-01-29 16:00:00  33.16  31.57  129.05  45.15  55.81  58.14  33.80  34.77   
2008-01-30 16:00:00  33.16  32.11  130.00  46.84  55.05  57.64  33.56  35.21   
2008-01-31 16:00:00  33.33  31.95  129.40  45.97  52.89  56.03  33.50  33.44   
2008-02-01 16:00:00  33.77  33.07  132.18  45.96  55.87  58.04  34.05  33.44   
2008-02-04 16:00:00  34.34  33.98  131.42  46.59  57.36  59.01  33.85  34.51   
2008-02-05 16:00:00  33.57  32.52  128.90  46.00  57.24  57.62  33.21  33.79   
2008-02-06 16:00:00  33.52  32.26  121.77  45.70  56.91  58.51  33.59  32.41   
2008-02-07 16:00:00  32.20  31.90  117.27  44.81  57.27  58.27  32.73  32.08   
2008-02-08 16:00:00  31.81  32.37  121.60  44.91  56.50  57.16  33.20  32.18   
2008-02-11 16:00:00  31.58  33.29  127.20  44.18  55.92  55.70  33.44  33.15   
2008-02-12 16:00:00  31.79  33.26  123.62  44.30  55.80  55.57  33.91  33.91   
2008-02-13 16:00:00  31.92  33.63  125.63  44.20  55.92  55.90  34.77  34.42   
...                    ...    ...     ...    ...    ...    ...    ...    ...   
2009-11-17 16:00:00  29.05  13.32  205.00  24.21  53.08  50.59  39.78  36.44   
2009-11-18 16:00:00  29.14  13.56  204.00  24.11  52.50  50.88  39.92  36.00   
2009-11-19 16:00:00  28.67  13.08  199.80  24.12  52.57  49.98  39.62  35.50   
2009-11-20 16:00:00  28.67  12.92  197.76  24.17  52.84  49.56  39.41  35.49   
2009-11-23 16:00:00  29.10  13.02  202.95  24.67  52.98  49.22  39.38  35.98   
2009-11-24 16:00:00  28.88  12.75  202.90  24.81  52.50  49.54  40.37  35.84   
2009-11-25 16:00:00  29.20  12.92  203.76  24.96  54.11  49.49  40.00  35.90   
2009-11-27 16:00:00  28.01  12.46  198.37  24.49  53.29  47.95  39.75  34.63   
2009-11-30 16:00:00  28.56  12.48  198.77  24.48  53.69  48.01  40.16  34.54   
2009-12-01 16:00:00  29.08  12.64  196.83  24.70  54.22  49.00  41.19  35.27   
2009-12-02 16:00:00  29.35  12.89  195.75  24.51  54.24  49.53  41.43  36.36   
2009-12-03 16:00:00  29.50  13.21  196.27  24.57  54.13  48.36  41.84  36.00   
2009-12-04 16:00:00  29.45  12.71  190.28  24.43  53.40  48.20  41.93  35.98   
2009-12-07 16:00:00  29.66  12.90  188.68  24.54  53.62  49.14  42.23  36.20   
2009-12-08 16:00:00  29.22  12.79  188.70  24.20  52.94  48.98  42.31  35.58   
2009-12-09 16:00:00  28.98  12.77  190.31  24.14  53.14  49.10  41.25  35.26   
2009-12-10 16:00:00  29.38  13.19  196.12  24.50  53.53  49.74  42.25  35.63   
2009-12-11 16:00:00  29.56  13.76  193.43  24.75  53.65  49.96  41.96  35.15   
2009-12-14 16:00:00  29.72  14.54  192.56  24.87  53.75  50.04  41.87  35.31   
2009-12-15 16:00:00  29.70  14.45  193.27  25.00  53.52  48.69  41.42  35.50   
2009-12-16 16:00:00  29.67  14.75  194.55  26.08  53.77  48.94  41.16  36.87   
2009-12-17 16:00:00  29.34  14.49  191.00  25.86  53.16  48.39  41.27  36.99   
2009-12-18 16:00:00  29.23  14.26  192.60  25.78  53.00  48.37  40.75  37.02   
2009-12-21 16:00:00  29.30  15.13  195.67  26.00  53.42  48.65  40.36  37.04   
2009-12-22 16:00:00  29.82  15.51  198.66  26.14  54.02  48.40  40.45  37.20   
2009-12-23 16:00:00  30.15  15.67  200.81  26.20  53.97  49.36  40.75  36.86   
2009-12-24 16:00:00  30.20  16.01  203.35  26.32  54.04  49.84  41.20  36.81   
2009-12-28 16:00:00  30.23  15.99  209.61  26.27  54.06  50.02  41.31  36.97   
2009-12-29 16:00:00  30.22  15.96  208.73  26.36  54.22  49.98  41.54  36.97   
2009-12-30 16:00:00  29.92  15.77  208.31  26.12  53.90  49.92  41.50  37.03   

                       ADI    ADM   ...     XLNX    XOM   XRAY    XRX  XYL  \
2008-01-02 16:00:00  30.32  44.89   ...    21.00  92.78  43.49  15.78  1.0   
2008-01-03 16:00:00  29.86  45.10   ...    20.91  93.51  43.67  15.66  1.0   
2008-01-04 16:00:00  28.86  45.15   ...    20.18  91.88  43.24  15.08  1.0   
2008-01-07 16:00:00  28.44  45.20   ...    20.21  90.25  43.10  14.98  1.0   
2008-01-08 16:00:00  27.76  44.90   ...    19.67  89.68  43.55  14.76  1.0   
2008-01-09 16:00:00  26.90  43.72   ...    19.49  89.50  44.60  14.68  1.0   
2008-01-10 16:00:00  26.90  44.31   ...    19.57  90.07  45.38  14.35  1.0   
2008-01-11 16:00:00  26.42  43.44   ...    19.40  90.00  46.27  14.20  1.0   
2008-01-14 16:00:00  26.60  43.65   ...    19.51  90.08  45.59  14.10  1.0   
2008-01-15 16:00:00  26.36  44.54   ...    18.95  88.49  44.99  13.84  1.0   
2008-01-16 16:00:00  26.16  42.19   ...    18.87  85.91  45.52  13.59  1.0   
2008-01-17 16:00:00  26.90  41.03   ...    19.08  83.49  45.34  13.39  1.0   
2008-01-18 16:00:00  27.00  39.71   ...    19.08  82.80  44.51  13.19  1.0   
2008-01-22 16:00:00  26.60  38.11   ...    20.68  79.50  42.42  12.47  1.0   
2008-01-23 16:00:00  26.15  38.50   ...    20.65  77.55  41.58  12.30  1.0   
2008-01-24 16:00:00  27.91  40.85   ...    21.02  83.03  41.15  13.75  1.0   
2008-01-25 16:00:00  27.66  42.04   ...    21.21  83.60  41.22  14.31  1.0   
2008-01-28 16:00:00  27.28  41.59   ...    21.12  82.54  41.31  14.47  1.0   
2008-01-29 16:00:00  27.76  42.76   ...    21.53  84.45  41.81  14.79  1.0   
2008-01-30 16:00:00  27.63  42.51   ...    21.53  84.35  41.12  14.83  1.0   
2008-01-31 16:00:00  27.64  42.81   ...    21.70  83.10  40.92  15.00  1.0   
2008-02-01 16:00:00  27.90  43.62   ...    22.25  84.85  40.83  15.32  1.0   
2008-02-04 16:00:00  28.60  43.45   ...    22.19  84.85  40.67  15.44  1.0   
2008-02-05 16:00:00  27.58  41.97   ...    21.54  82.10  39.98  15.15  1.0   
2008-02-06 16:00:00  27.22  41.10   ...    20.77  81.09  39.60  15.03  1.0   
2008-02-07 16:00:00  26.94  40.20   ...    20.11  80.36  39.60  14.89  1.0   
2008-02-08 16:00:00  27.46  41.17   ...    20.99  80.96  40.75  14.91  1.0   
2008-02-11 16:00:00  27.66  41.48   ...    21.33  81.04  40.40  15.21  1.0   
2008-02-12 16:00:00  28.19  43.25   ...    21.78  83.30  40.50  14.98  1.0   
2008-02-13 16:00:00  28.32  43.36   ...    21.98  84.50  40.31  15.05  1.0   
...                    ...    ...   ...      ...    ...    ...    ...  ...   
2009-11-17 16:00:00  27.78  31.65   ...    23.14  74.49  33.72   7.91  1.0   
2009-11-18 16:00:00  28.17  31.86   ...    23.00  74.71  33.49   7.87  1.0   
2009-11-19 16:00:00  27.18  31.35   ...    22.38  74.05  33.02   7.72  1.0   
2009-11-20 16:00:00  27.24  31.26   ...    22.10  74.03  32.68   7.73  1.0   
2009-11-23 16:00:00  27.65  31.77   ...    22.37  75.32  32.88   7.89  1.0   
2009-11-24 16:00:00  27.94  31.20   ...    22.43  74.80  33.05   7.86  1.0   
2009-11-25 16:00:00  29.49  31.23   ...    22.69  75.66  33.51   7.87  1.0   
2009-11-27 16:00:00  29.00  30.15   ...    22.21  74.35  33.02   7.55  1.0   
2009-11-30 16:00:00  29.42  30.03   ...    22.43  74.35  32.88   7.64  1.0   
2009-12-01 16:00:00  29.97  31.08   ...    23.05  75.29  33.44   7.73  1.0   
2009-12-02 16:00:00  30.06  30.90   ...    23.27  75.35  33.62   7.76  1.0   
2009-12-03 16:00:00  30.39  31.27   ...    23.19  74.91  33.91   7.73  1.0   
2009-12-04 16:00:00  30.08  31.19   ...    22.88  73.91  33.97   7.78  1.0   
2009-12-07 16:00:00  30.35  31.00   ...    23.10  73.59  34.04   7.82  1.0   
2009-12-08 16:00:00  30.03  30.41   ...    22.96  72.41  33.63   7.78  1.0   
2009-12-09 16:00:00  29.85  30.31   ...    23.45  72.10  33.39   7.69  1.0   
2009-12-10 16:00:00  30.22  30.19   ...    23.91  72.21  33.91   7.87  1.0   
2009-12-11 16:00:00  30.25  30.40   ...    23.54  72.32  34.15   7.88  1.0   
2009-12-14 16:00:00  30.33  29.91   ...    23.50  69.28  34.38   7.95  1.0   
2009-12-15 16:00:00  30.36  30.20   ...    23.70  68.82  34.80   8.11  1.0   
2009-12-16 16:00:00  30.45  30.72   ...    23.90  68.42  35.19   8.36  1.0   
2009-12-17 16:00:00  30.44  30.50   ...    24.21  68.13  34.40   8.27  1.0   
2009-12-18 16:00:00  30.56  30.23   ...    24.29  67.64  34.21   8.31  1.0   
2009-12-21 16:00:00  30.92  30.70   ...    24.75  68.22  34.55   8.34  1.0   
2009-12-22 16:00:00  31.05  30.67   ...    24.95  68.50  34.87   8.44  1.0   
2009-12-23 16:00:00  31.05  30.80   ...    24.89  68.20  35.08   8.50  1.0   
2009-12-24 16:00:00  31.36  31.27   ...    25.09  68.16  35.20   8.54  1.0   
2009-12-28 16:00:00  31.29  31.44   ...    25.10  68.74  35.10   8.45  1.0   
2009-12-29 16:00:00  31.15  31.48   ...    24.90  68.80  35.29   8.45  1.0   
2009-12-30 16:00:00  31.12  31.25   ...    24.96  68.39  35.28   8.50  1.0   

                      YHOO    YUM   ZION    ZMH     SPY  
2008-01-02 16:00:00  23.60  37.66  44.85  65.87  143.88  
2008-01-03 16:00:00  23.70  37.13  44.28  66.25  144.07  
2008-01-04 16:00:00  23.10  36.18  42.29  65.92  140.91  
2008-01-07 16:00:00  22.73  36.82  42.21  66.79  140.10  
2008-01-08 16:00:00  22.50  36.55  41.74  67.21  138.44  
2008-01-09 16:00:00  21.37  36.65  39.85  65.89  137.70  
2008-01-10 16:00:00  22.83  37.73  40.91  66.98  139.37  
2008-01-11 16:00:00  22.98  36.27  42.60  68.02  139.00  
2008-01-14 16:00:00  23.18  35.16  42.96  68.51  140.40  
2008-01-15 16:00:00  22.57  34.68  42.14  67.59  137.90  
2008-01-16 16:00:00  21.73  33.96  42.11  67.25  136.28  
2008-01-17 16:00:00  21.14  33.23  41.82  67.53  132.93  
2008-01-18 16:00:00  20.07  33.00  41.00  67.00  131.10  
2008-01-22 16:00:00  19.26  30.99  39.31  64.50  126.00  
2008-01-23 16:00:00  18.72  32.02  40.00  63.80  126.84  
2008-01-24 16:00:00  20.42  35.77  46.20  65.88  133.31  
2008-01-25 16:00:00  21.32  36.09  46.10  66.15  132.60  
2008-01-28 16:00:00  20.42  34.74  46.80  65.41  132.06  
2008-01-29 16:00:00  20.05  35.40  48.82  74.45  134.88  
2008-01-30 16:00:00  18.58  34.75  50.90  75.89  134.60  
2008-01-31 16:00:00  18.72  32.35  49.85  75.90  133.20  
2008-02-01 16:00:00  27.34  33.90  54.51  77.87  137.52  
2008-02-04 16:00:00  28.33  35.35  53.14  76.66  137.64  
2008-02-05 16:00:00  28.75  34.16  51.42  76.10  133.67  
2008-02-06 16:00:00  28.53  34.03  51.61  76.76  132.41  
2008-02-07 16:00:00  28.60  33.53  52.33  76.34  131.73  
2008-02-08 16:00:00  28.71  33.89  50.43  77.54  132.10  
2008-02-11 16:00:00  29.32  33.83  51.10  76.90  132.04  
2008-02-12 16:00:00  29.40  34.47  50.83  77.92  133.98  
2008-02-13 16:00:00  29.60  35.01  50.53  78.09  135.14  
...                    ...    ...    ...    ...     ...  
2009-11-17 16:00:00  15.73  35.61  13.14  55.51  110.50  
2009-11-18 16:00:00  15.84  35.54  13.22  57.09  110.57  
2009-11-19 16:00:00  15.52  35.23  12.67  56.33  109.13  
2009-11-20 16:00:00  15.36  35.35  12.50  55.64  109.01  
2009-11-23 16:00:00  15.34  35.78  13.59  57.04  110.60  
2009-11-24 16:00:00  15.20  35.41  13.25  57.46  110.01  
2009-11-25 16:00:00  15.17  35.33  12.86  58.39  110.82  
2009-11-27 16:00:00  14.88  34.89  12.60  56.83  108.29  
2009-11-30 16:00:00  14.80  35.16  12.65  58.45  108.12  
2009-12-01 16:00:00  14.85  35.16  12.86  58.56  110.73  
2009-12-02 16:00:00  15.16  35.19  13.10  58.65  110.92  
2009-12-03 16:00:00  15.10  35.09  12.52  58.09  110.29  
2009-12-04 16:00:00  15.00  33.20  12.75  58.13  110.04  
2009-12-07 16:00:00  15.32  33.84  13.00  58.61  110.49  
2009-12-08 16:00:00  15.23  33.64  13.26  57.99  109.27  
2009-12-09 16:00:00  15.12  33.89  13.48  57.42  109.02  
2009-12-10 16:00:00  15.24  34.27  13.45  58.20  110.45  
2009-12-11 16:00:00  15.62  34.35  13.41  59.07  110.61  
2009-12-14 16:00:00  15.64  34.51  13.40  59.50  111.13  
2009-12-15 16:00:00  15.65  34.49  12.95  59.42  111.00  
2009-12-16 16:00:00  15.47  34.48  12.81  59.27  111.27  
2009-12-17 16:00:00  15.64  34.26  12.68  58.65  110.08  
2009-12-18 16:00:00  15.78  34.26  12.70  57.55  109.28  
2009-12-21 16:00:00  15.85  34.33  12.95  58.65  110.76  
2009-12-22 16:00:00  15.82  34.82  13.02  58.80  111.43  
2009-12-23 16:00:00  16.00  35.11  12.85  59.21  111.50  
2009-12-24 16:00:00  16.65  35.32  12.84  60.01  112.00  
2009-12-28 16:00:00  16.68  35.09  12.69  59.96  112.32  
2009-12-29 16:00:00  16.68  35.22  12.67  60.02  112.55  
2009-12-30 16:00:00  16.81  35.12  12.51  59.56  112.17  

[504 rows x 502 columns]"
actual_close,"                         A     AA    AAPL    ABC    ABT    ACE    ACN   ADBE  \
2008-01-02 16:00:00  36.30  36.13  194.84  44.55  55.81  61.04  36.06  41.71   
2008-01-03 16:00:00  35.94  36.19  194.93  44.82  55.47  60.91  35.44  41.79   
2008-01-04 16:00:00  34.77  34.87  180.05  43.80  55.79  60.74  34.91  40.36   
2008-01-07 16:00:00  35.34  33.11  177.64  44.38  57.50  61.44  33.97  40.24   
2008-01-08 16:00:00  35.29  31.00  171.25  45.65  59.01  60.23  33.97  39.22   
2008-01-09 16:00:00  35.38  31.25  179.40  46.06  60.04  61.16  33.81  39.46   
2008-01-10 16:00:00  36.97  31.44  178.02  46.71  60.11  61.65  33.61  39.25   
2008-01-11 16:00:00  36.00  31.73  172.69  47.31  60.50  60.18  32.79  38.05   
2008-01-14 16:00:00  36.64  32.90  178.78  47.23  59.93  60.60  33.52  38.48   
2008-01-15 16:00:00  35.99  31.19  169.04  45.87  59.67  60.44  33.50  37.92   
2008-01-16 16:00:00  35.67  30.63  159.64  46.95  60.50  60.57  34.04  37.70   
2008-01-17 16:00:00  35.35  28.79  160.89  46.64  59.75  58.18  33.41  35.55   
2008-01-18 16:00:00  33.66  29.10  161.36  46.59  59.43  56.49  33.77  35.33   
2008-01-22 16:00:00  32.84  28.79  155.64  46.06  57.49  58.41  33.30  34.00   
2008-01-23 16:00:00  33.43  29.19  139.07  45.76  57.97  59.98  33.07  34.35   
2008-01-24 16:00:00  33.60  30.81  135.60  45.93  57.06  60.64  33.88  34.64   
2008-01-25 16:00:00  33.19  30.69  130.01  44.97  55.48  57.64  33.86  34.84   
2008-01-28 16:00:00  33.52  31.47  130.01  45.30  56.44  58.87  33.93  35.15   
2008-01-29 16:00:00  33.48  32.66  131.54  47.72  56.25  58.88  34.54  35.54   
2008-01-30 16:00:00  34.18  32.70  132.18  47.08  55.95  57.87  34.02  35.94   
2008-01-31 16:00:00  33.86  33.09  135.36  46.58  56.18  58.24  34.62  34.93   
2008-02-01 16:00:00  34.46  34.28  133.75  46.63  57.55  59.32  35.04  34.48   
2008-02-04 16:00:00  34.46  34.08  131.65  47.29  58.05  59.58  34.16  35.21   
2008-02-05 16:00:00  33.59  32.67  129.36  46.19  57.34  58.30  33.52  33.96   
2008-02-06 16:00:00  33.63  32.41  122.00  45.77  57.73  59.00  33.81  32.76   
2008-02-07 16:00:00  32.42  32.78  121.24  45.46  58.10  59.31  33.19  32.62   
2008-02-08 16:00:00  32.00  33.76  125.48  45.33  56.80  57.30  33.95  33.19   
2008-02-11 16:00:00  31.86  34.06  129.45  44.36  56.34  56.58  34.16  33.84   
2008-02-12 16:00:00  31.85  33.49  124.86  44.86  55.95  56.44  35.16  34.38   
2008-02-13 16:00:00  32.68  35.51  129.40  44.34  56.52  56.96  35.84  35.00   
...                    ...    ...     ...    ...    ...    ...    ...    ...   
2009-11-17 16:00:00  29.63  13.76  207.00  24.28  53.31  51.40  40.25  36.90   
2009-11-18 16:00:00  29.46  13.76  205.96  24.47  53.18  50.97  40.00  36.59   
2009-11-19 16:00:00  29.13  13.22  200.51  24.21  52.96  50.28  39.75  36.11   
2009-11-20 16:00:00  28.91  13.13  199.92  24.49  53.64  49.73  39.83  35.81   
2009-11-23 16:00:00  29.28  13.06  205.88  24.97  53.13  49.76  40.54  36.44   
2009-11-24 16:00:00  29.24  12.92  204.44  25.02  54.24  49.82  40.54  35.95   
2009-11-25 16:00:00  29.54  13.00  204.19  24.98  54.41  49.85  40.58  36.17   
2009-11-27 16:00:00  28.85  12.66  200.59  24.86  54.08  48.18  40.51  35.38   
2009-11-30 16:00:00  28.92  12.52  199.91  24.69  54.49  48.71  41.04  35.08   
2009-12-01 16:00:00  29.44  12.80  196.97  24.85  54.48  49.82  41.50  36.40   
2009-12-02 16:00:00  29.49  13.64  196.23  24.76  54.44  49.92  42.03  36.50   
2009-12-03 16:00:00  29.70  13.27  196.48  24.58  54.24  48.44  41.88  36.00   
2009-12-04 16:00:00  29.86  12.99  193.32  24.67  53.78  48.81  42.54  36.50   
2009-12-07 16:00:00  29.88  13.05  188.95  24.64  53.66  49.22  42.80  36.37   
2009-12-08 16:00:00  29.59  12.87  189.87  24.23  53.24  49.10  42.87  36.08   
2009-12-09 16:00:00  29.25  13.08  197.80  24.50  53.61  49.70  42.24  35.85   
2009-12-10 16:00:00  29.69  13.50  196.43  25.05  54.07  50.09  42.68  35.80   
2009-12-11 16:00:00  29.64  14.61  194.67  24.79  53.77  50.21  42.00  35.38   
2009-12-14 16:00:00  29.97  14.82  196.98  25.00  53.78  50.30  41.96  35.78   
2009-12-15 16:00:00  29.90  14.68  194.17  25.78  53.99  49.34  41.44  36.36   
2009-12-16 16:00:00  29.77  14.90  195.03  26.13  53.88  49.20  41.84  37.86   
2009-12-17 16:00:00  29.44  14.50  191.86  25.86  53.58  48.58  41.66  37.01   
2009-12-18 16:00:00  29.40  14.58  195.43  26.03  53.34  48.85  41.37  37.34   
2009-12-21 16:00:00  29.91  15.73  198.23  26.11  53.92  48.78  40.63  37.28   
2009-12-22 16:00:00  30.18  15.79  200.36  26.31  54.12  49.64  40.88  37.34   
2009-12-23 16:00:00  30.30  16.00  202.10  26.32  54.09  49.95  41.27  36.93   
2009-12-24 16:00:00  30.33  16.34  209.04  26.34  54.15  50.05  41.39  37.17   
2009-12-28 16:00:00  30.40  16.10  211.61  26.41  54.53  50.40  41.85  37.19   
2009-12-29 16:00:00  30.33  16.03  209.10  26.37  54.26  50.33  41.83  37.21   
2009-12-30 16:00:00  31.10  16.30  211.64  26.31  54.54  50.52  41.69  37.18   

                       ADI    ADM   ...     XLNX    XOM   XRAY    XRX  XYL  \
2008-01-02 16:00:00  30.37  45.26   ...    21.12  93.51  43.72  15.82  1.0   
2008-01-03 16:00:00  29.91  45.73   ...    21.01  93.83  44.13  15.70  1.0   
2008-01-04 16:00:00  29.13  45.85   ...    20.36  92.08  43.28  15.11  1.0   
2008-01-07 16:00:00  28.76  45.86   ...    20.46  91.22  44.32  15.10  1.0   
2008-01-08 16:00:00  27.81  45.02   ...    19.70  90.05  44.56  14.82  1.0   
2008-01-09 16:00:00  27.42  45.19   ...    20.00  91.56  45.81  15.00  1.0   
2008-01-10 16:00:00  27.66  44.58   ...    20.14  91.66  46.29  14.69  1.0   
2008-01-11 16:00:00  26.52  43.64   ...    19.52  90.30  46.65  14.28  1.0   
2008-01-14 16:00:00  27.20  45.14   ...    19.83  90.83  45.93  14.49  1.0   
2008-01-15 16:00:00  26.46  45.00   ...    19.06  89.02  45.23  14.00  1.0   
2008-01-16 16:00:00  27.49  42.37   ...    19.61  86.53  46.34  13.88  1.0   
2008-01-17 16:00:00  26.97  41.16   ...    19.14  83.91  45.36  13.46  1.0   
2008-01-18 16:00:00  27.54  40.90   ...    21.53  85.08  44.89  13.26  1.0   
2008-01-22 16:00:00  27.18  40.19   ...    21.10  82.45  43.10  13.10  1.0   
2008-01-23 16:00:00  27.99  40.85   ...    21.50  83.45  42.51  13.25  1.0   
2008-01-24 16:00:00  28.92  42.27   ...    22.12  86.00  43.06  14.33  1.0   
2008-01-25 16:00:00  27.72  42.11   ...    21.35  83.94  41.31  14.46  1.0   
2008-01-28 16:00:00  28.06  43.30   ...    21.89  85.13  41.70  15.17  1.0   
2008-01-29 16:00:00  28.20  42.94   ...    21.63  85.08  42.43  15.02  1.0   
2008-01-30 16:00:00  28.00  42.99   ...    22.03  85.28  41.48  15.45  1.0   
2008-01-31 16:00:00  28.36  43.98   ...    21.87  85.70  41.31  15.43  1.0   
2008-02-01 16:00:00  29.10  45.50   ...    23.33  85.95  41.18  15.79  1.0   
2008-02-04 16:00:00  28.70  44.20   ...    22.23  85.44  41.13  15.47  1.0   
2008-02-05 16:00:00  27.65  42.03   ...    21.62  82.11  40.01  15.23  1.0   
2008-02-06 16:00:00  27.37  41.26   ...    20.96  81.44  39.71  15.13  1.0   
2008-02-07 16:00:00  27.73  41.31   ...    21.21  81.89  40.92  15.10  1.0   
2008-02-08 16:00:00  27.77  41.41   ...    21.43  81.71  41.05  15.33  1.0   
2008-02-11 16:00:00  28.25  42.95   ...    21.98  83.22  40.55  15.28  1.0   
2008-02-12 16:00:00  28.27  43.58   ...    21.87  84.38  40.72  15.05  1.0   
2008-02-13 16:00:00  28.55  43.96   ...    22.46  85.49  40.47  15.49  1.0   
...                    ...    ...   ...      ...    ...    ...    ...  ...   
2009-11-17 16:00:00  28.19  32.20   ...    23.48  75.03  33.88   7.99  1.0   
2009-11-18 16:00:00  28.30  31.92   ...    23.21  75.27  33.74   7.94  1.0   
2009-11-19 16:00:00  27.84  31.57   ...    22.61  74.65  33.15   7.78  1.0   
2009-11-20 16:00:00  27.48  31.62   ...    22.28  74.38  32.86   7.83  1.0   
2009-11-23 16:00:00  27.94  31.85   ...    22.52  75.70  33.20   7.93  1.0   
2009-11-24 16:00:00  29.74  31.26   ...    22.70  75.97  33.65   7.92  1.0   
2009-11-25 16:00:00  29.84  31.40   ...    22.99  76.47  33.56   7.91  1.0   
2009-11-27 16:00:00  29.75  30.65   ...    22.63  74.87  33.30   7.79  1.0   
2009-11-30 16:00:00  29.99  30.81   ...    22.64  75.07  33.32   7.70  1.0   
2009-12-01 16:00:00  30.37  31.66   ...    23.42  76.04  33.65   7.83  1.0   
2009-12-02 16:00:00  30.39  31.60   ...    23.45  75.79  34.16   7.80  1.0   
2009-12-03 16:00:00  30.66  31.34   ...    23.21  74.99  33.95   7.76  1.0   
2009-12-04 16:00:00  30.60  31.59   ...    23.37  74.25  34.26   7.91  1.0   
2009-12-07 16:00:00  30.44  31.06   ...    23.24  73.77  34.14   7.90  1.0   
2009-12-08 16:00:00  30.22  30.81   ...    23.77  72.95  33.86   7.80  1.0   
2009-12-09 16:00:00  30.49  30.48   ...    24.00  72.79  33.72   7.90  1.0   
2009-12-10 16:00:00  30.45  30.51   ...    23.98  72.40  34.42   7.88  1.0   
2009-12-11 16:00:00  30.49  30.49   ...    23.70  72.83  34.64   7.93  1.0   
2009-12-14 16:00:00  30.60  30.23   ...    23.95  69.69  35.05   8.22  1.0   
2009-12-15 16:00:00  30.45  30.64   ...    23.90  69.17  35.33   8.36  1.0   
2009-12-16 16:00:00  30.69  31.24   ...    24.77  68.43  35.26   8.41  1.0   
2009-12-17 16:00:00  30.47  30.54   ...    24.39  68.22  34.57   8.43  1.0   
2009-12-18 16:00:00  30.88  30.55   ...    24.65  68.21  34.43   8.37  1.0   
2009-12-21 16:00:00  31.12  30.79   ...    25.00  68.51  34.82   8.48  1.0   
2009-12-22 16:00:00  31.32  30.80   ...    25.06  68.57  35.19   8.58  1.0   
2009-12-23 16:00:00  31.38  31.33   ...    25.06  68.26  35.55   8.55  1.0   
2009-12-24 16:00:00  31.69  31.57   ...    25.36  68.66  35.27   8.65  1.0   
2009-12-28 16:00:00  31.38  31.63   ...    25.23  69.08  35.45   8.48  1.0   
2009-12-29 16:00:00  31.31  31.57   ...    25.02  68.84  35.44   8.58  1.0   
2009-12-30 16:00:00  31.76  31.73   ...    25.35  68.77  35.56   8.66  1.0   

                      YHOO    YUM   ZION    ZMH     SPY  
2008-01-02 16:00:00  23.72  37.88  45.29  66.29  144.93  
2008-01-03 16:00:00  23.84  37.35  44.38  66.36  144.86  
2008-01-04 16:00:00  23.16  36.82  42.40  66.50  141.31  
2008-01-07 16:00:00  23.18  37.68  43.28  68.66  141.19  
2008-01-08 16:00:00  22.61  36.72  41.76  67.25  138.91  
2008-01-09 16:00:00  22.56  38.17  41.85  67.61  140.37  
2008-01-10 16:00:00  24.09  39.00  43.73  68.51  141.29  
2008-01-11 16:00:00  23.36  36.34  43.98  69.95  140.15  
2008-01-14 16:00:00  23.70  36.83  43.76  68.79  141.28  
2008-01-15 16:00:00  22.91  34.68  42.69  67.68  138.17  
2008-01-16 16:00:00  21.95  34.06  44.33  67.62  136.98  
2008-01-17 16:00:00  21.22  33.47  42.04  67.70  133.43  
2008-01-18 16:00:00  20.78  33.39  41.71  67.34  132.06  
2008-01-22 16:00:00  19.86  33.12  42.77  67.11  130.72  
2008-01-23 16:00:00  20.01  35.83  46.59  65.93  133.86  
2008-01-24 16:00:00  21.69  37.30  48.68  67.07  134.99  
2008-01-25 16:00:00  21.94  36.24  47.40  66.36  133.04  
2008-01-28 16:00:00  20.78  35.65  49.07  68.08  135.24  
2008-01-29 16:00:00  20.81  35.82  51.25  77.03  135.91  
2008-01-30 16:00:00  19.05  34.80  52.39  77.40  134.91  
2008-01-31 16:00:00  19.18  34.16  54.74  78.14  137.37  
2008-02-01 16:00:00  28.38  35.24  55.35  79.18  139.58  
2008-02-04 16:00:00  29.33  35.81  53.50  77.51  137.82  
2008-02-05 16:00:00  28.98  34.76  52.18  76.92  134.13  
2008-02-06 16:00:00  28.57  34.18  52.80  76.90  133.05  
2008-02-07 16:00:00  29.04  34.36  52.91  78.53  133.93  
2008-02-08 16:00:00  29.20  34.15  51.91  77.86  133.07  
2008-02-11 16:00:00  29.87  34.42  51.37  77.82  133.75  
2008-02-12 16:00:00  29.57  34.87  51.46  78.38  134.99  
2008-02-13 16:00:00  29.88  35.71  51.17  78.51  136.37  
...                    ...    ...    ...    ...     ...  
2009-11-17 16:00:00  16.05  36.06  13.46  56.75  111.34  
2009-11-18 16:00:00  15.98  35.91  13.32  58.03  111.27  
2009-11-19 16:00:00  15.61  35.65  12.74  56.86  109.82  
2009-11-20 16:00:00  15.38  35.73  12.55  56.92  109.43  
2009-11-23 16:00:00  15.45  35.87  14.12  57.96  110.82  
2009-11-24 16:00:00  15.24  35.57  13.35  58.34  110.99  
2009-11-25 16:00:00  15.30  35.71  13.08  59.11  111.38  
2009-11-27 16:00:00  15.00  35.40  12.62  58.52  109.57  
2009-11-30 16:00:00  14.97  35.27  13.15  59.17  109.94  
2009-12-01 16:00:00  15.13  35.29  13.16  58.75  111.30  
2009-12-02 16:00:00  15.31  35.32  13.34  58.97  111.25  
2009-12-03 16:00:00  15.11  35.13  12.59  58.14  110.38  
2009-12-04 16:00:00  15.19  34.03  13.06  58.91  111.01  
2009-12-07 16:00:00  15.45  34.10  13.26  59.12  110.84  
2009-12-08 16:00:00  15.45  34.11  13.74  58.43  109.61  
2009-12-09 16:00:00  15.18  34.56  13.98  57.91  110.02  
2009-12-10 16:00:00  15.49  34.30  13.52  59.21  110.64  
2009-12-11 16:00:00  15.74  34.46  13.59  59.36  111.11  
2009-12-14 16:00:00  15.81  34.83  13.76  59.88  111.87  
2009-12-15 16:00:00  15.74  34.59  13.05  60.07  111.35  
2009-12-16 16:00:00  15.79  34.58  12.91  59.36  111.52  
2009-12-17 16:00:00  15.82  34.35  12.70  58.68  110.18  
2009-12-18 16:00:00  16.14  34.51  13.12  58.47  110.21  
2009-12-21 16:00:00  15.88  35.00  13.21  58.88  111.33  
2009-12-22 16:00:00  15.98  35.06  13.22  59.44  111.73  
2009-12-23 16:00:00  16.67  35.40  12.92  60.07  111.95  
2009-12-24 16:00:00  16.72  35.38  12.90  60.27  112.48  
2009-12-28 16:00:00  16.88  35.16  12.76  60.34  112.72  
2009-12-29 16:00:00  16.92  35.22  12.75  60.18  112.56  
2009-12-30 16:00:00  16.98  35.21  12.80  59.76  112.52  

[504 rows x 502 columns]"
close,"                         A     AA    AAPL    ABC    ABT    ACE    ACN   ADBE  \
2008-01-02 16:00:00  36.12  33.15  194.01  21.07  47.85  54.94  33.14  41.71   
2008-01-03 16:00:00  35.76  33.21  194.10  21.19  47.56  54.82  32.57  41.79   
2008-01-04 16:00:00  34.60  32.00  179.28  20.71  47.84  54.67  32.09  40.36   
2008-01-07 16:00:00  35.17  30.38  176.88  20.99  49.30  55.30  31.22  40.24   
2008-01-08 16:00:00  35.12  28.45  170.52  21.59  50.60  54.21  31.22  39.22   
2008-01-09 16:00:00  35.21  28.67  178.63  21.78  51.48  55.05  31.07  39.46   
2008-01-10 16:00:00  36.79  28.85  177.26  22.09  51.54  55.49  30.89  39.25   
2008-01-11 16:00:00  35.82  29.11  171.95  22.37  52.16  54.17  30.14  38.05   
2008-01-14 16:00:00  36.46  30.19  178.02  22.33  51.67  54.55  30.81  38.48   
2008-01-15 16:00:00  35.81  28.62  168.32  21.69  51.44  54.40  30.79  37.92   
2008-01-16 16:00:00  35.50  28.11  158.96  22.20  52.16  54.52  31.29  37.70   
2008-01-17 16:00:00  35.18  26.42  160.20  22.06  51.51  52.37  30.71  35.55   
2008-01-18 16:00:00  33.50  26.70  160.67  22.03  51.24  50.85  31.04  35.33   
2008-01-22 16:00:00  32.68  26.42  154.97  21.78  49.56  52.57  30.61  34.00   
2008-01-23 16:00:00  33.27  26.78  138.48  21.64  49.98  53.99  30.39  34.35   
2008-01-24 16:00:00  33.44  28.27  135.02  21.72  49.19  54.58  31.14  34.64   
2008-01-25 16:00:00  33.03  28.16  129.45  21.27  47.83  51.88  31.12  34.84   
2008-01-28 16:00:00  33.36  28.88  129.45  21.42  48.66  52.99  31.18  35.15   
2008-01-29 16:00:00  33.32  29.97  130.98  22.57  48.49  53.00  31.75  35.54   
2008-01-30 16:00:00  34.01  30.01  131.61  22.26  48.24  52.09  31.27  35.94   
2008-01-31 16:00:00  33.69  30.36  134.78  22.03  48.43  52.42  31.82  34.93   
2008-02-01 16:00:00  34.29  31.45  133.18  22.05  49.61  53.39  32.20  34.48   
2008-02-04 16:00:00  34.29  31.27  131.09  22.36  50.05  53.63  31.40  35.21   
2008-02-05 16:00:00  33.43  29.98  128.81  21.84  49.43  52.48  30.81  33.96   
2008-02-06 16:00:00  33.47  29.89  121.48  21.64  49.77  53.11  31.07  32.76   
2008-02-07 16:00:00  32.26  30.24  120.72  21.50  50.09  53.38  30.50  32.62   
2008-02-08 16:00:00  31.84  31.14  124.94  21.44  48.97  51.58  31.20  33.19   
2008-02-11 16:00:00  31.70  31.42  128.90  20.98  48.57  50.93  31.40  33.84   
2008-02-12 16:00:00  31.69  30.89  124.33  21.21  48.24  50.80  32.32  34.38   
2008-02-13 16:00:00  32.52  32.75  128.85  21.00  48.73  51.27  32.94  35.00   
...                    ...    ...     ...    ...    ...    ...    ...    ...   
2009-11-17 16:00:00  29.48  13.38  206.12  23.39  48.48  48.13  38.31  36.90   
2009-11-18 16:00:00  29.32  13.38  205.08  23.58  48.36  47.73  38.07  36.59   
2009-11-19 16:00:00  28.99  12.86  199.65  23.40  48.16  47.08  37.84  36.11   
2009-11-20 16:00:00  28.77  12.77  199.07  23.67  48.78  46.57  37.91  35.81   
2009-11-23 16:00:00  29.14  12.70  205.00  24.14  48.32  46.59  38.59  36.44   
2009-11-24 16:00:00  29.10  12.57  203.57  24.19  49.33  46.65  38.59  35.95   
2009-11-25 16:00:00  29.40  12.64  203.32  24.15  49.48  46.68  38.63  36.17   
2009-11-27 16:00:00  28.71  12.31  199.73  24.03  49.18  45.12  38.56  35.38   
2009-11-30 16:00:00  28.78  12.18  199.06  23.87  49.55  45.61  39.06  35.08   
2009-12-01 16:00:00  29.30  12.45  196.13  24.02  49.54  46.65  39.50  36.40   
2009-12-02 16:00:00  29.35  13.27  195.39  23.94  49.51  46.74  40.01  36.50   
2009-12-03 16:00:00  29.55  12.91  195.64  23.76  49.33  45.36  39.86  36.00   
2009-12-04 16:00:00  29.71  12.63  192.49  23.85  48.91  45.71  40.49  36.50   
2009-12-07 16:00:00  29.73  12.69  188.14  23.82  48.80  46.09  40.74  36.37   
2009-12-08 16:00:00  29.45  12.52  189.06  23.42  48.42  45.98  40.80  36.08   
2009-12-09 16:00:00  29.11  12.72  196.95  23.68  48.75  46.54  40.21  35.85   
2009-12-10 16:00:00  29.54  13.13  195.59  24.22  49.17  46.90  40.62  35.80   
2009-12-11 16:00:00  29.49  14.21  193.84  23.96  48.90  47.02  39.98  35.38   
2009-12-14 16:00:00  29.82  14.41  196.14  24.17  48.91  47.10  39.94  35.78   
2009-12-15 16:00:00  29.75  14.28  193.34  24.92  49.10  46.49  39.44  36.36   
2009-12-16 16:00:00  29.62  14.49  194.20  25.26  49.00  46.36  39.82  37.86   
2009-12-17 16:00:00  29.30  14.10  191.04  25.00  48.73  45.77  39.65  37.01   
2009-12-18 16:00:00  29.26  14.18  194.59  25.16  48.51  46.03  39.38  37.34   
2009-12-21 16:00:00  29.76  15.30  197.38  25.24  49.04  45.96  38.67  37.28   
2009-12-22 16:00:00  30.03  15.36  199.50  25.43  49.22  46.77  38.91  37.34   
2009-12-23 16:00:00  30.15  15.56  201.24  25.44  49.19  47.06  39.28  36.93   
2009-12-24 16:00:00  30.18  15.89  208.15  25.46  49.24  47.16  39.40  37.17   
2009-12-28 16:00:00  30.25  15.66  210.71  25.53  49.59  47.49  39.83  37.19   
2009-12-29 16:00:00  30.18  15.59  208.21  25.49  49.34  47.42  39.81  37.21   
2009-12-30 16:00:00  30.95  15.85  210.74  25.43  49.60  47.60  39.68  37.18   

                       ADI    ADM   ...     XLNX    XOM   XRAY    XRX  XYL  \
2008-01-02 16:00:00  26.30  41.13   ...    18.75  83.65  42.62  14.50  1.0   
2008-01-03 16:00:00  25.90  41.56   ...    18.65  83.94  43.02  14.39  1.0   
2008-01-04 16:00:00  25.22  41.67   ...    18.07  82.37  42.19  13.85  1.0   
2008-01-07 16:00:00  24.90  41.68   ...    18.16  81.61  43.21  13.84  1.0   
2008-01-08 16:00:00  24.08  40.92   ...    17.49  80.56  43.44  13.58  1.0   
2008-01-09 16:00:00  23.74  41.07   ...    17.75  81.91  44.66  13.75  1.0   
2008-01-10 16:00:00  23.95  40.52   ...    17.88  82.00  45.13  13.47  1.0   
2008-01-11 16:00:00  22.96  39.66   ...    17.33  80.78  45.48  13.09  1.0   
2008-01-14 16:00:00  23.55  41.03   ...    17.60  81.26  44.78  13.28  1.0   
2008-01-15 16:00:00  22.91  40.90   ...    16.92  79.64  44.10  12.83  1.0   
2008-01-16 16:00:00  23.80  38.51   ...    17.41  77.41  45.18  12.72  1.0   
2008-01-17 16:00:00  23.35  37.41   ...    16.99  75.07  44.22  12.34  1.0   
2008-01-18 16:00:00  23.85  37.17   ...    19.11  76.11  43.76  12.15  1.0   
2008-01-22 16:00:00  23.53  36.53   ...    18.73  73.76  42.02  12.01  1.0   
2008-01-23 16:00:00  24.24  37.13   ...    19.08  74.65  41.44  12.15  1.0   
2008-01-24 16:00:00  25.04  38.42   ...    19.63  76.94  41.98  13.14  1.0   
2008-01-25 16:00:00  24.00  38.27   ...    18.95  75.09  40.27  13.25  1.0   
2008-01-28 16:00:00  24.30  39.35   ...    19.43  76.16  40.65  13.91  1.0   
2008-01-29 16:00:00  24.42  39.03   ...    19.20  76.11  41.37  13.77  1.0   
2008-01-30 16:00:00  24.24  39.07   ...    19.55  76.29  40.44  14.16  1.0   
2008-01-31 16:00:00  24.56  39.97   ...    19.41  76.67  40.27  14.14  1.0   
2008-02-01 16:00:00  25.20  41.35   ...    20.71  76.89  40.15  14.47  1.0   
2008-02-04 16:00:00  24.85  40.17   ...    19.83  76.43  40.10  14.18  1.0   
2008-02-05 16:00:00  23.94  38.20   ...    19.29  73.46  39.01  13.96  1.0   
2008-02-06 16:00:00  23.70  37.50   ...    18.70  72.86  38.71  13.87  1.0   
2008-02-07 16:00:00  24.01  37.54   ...    18.92  73.58  39.89  13.84  1.0   
2008-02-08 16:00:00  24.05  37.64   ...    19.12  73.41  40.02  14.05  1.0   
2008-02-11 16:00:00  24.46  39.03   ...    19.61  74.77  39.53  14.01  1.0   
2008-02-12 16:00:00  24.48  39.61   ...    19.51  75.81  39.70  13.80  1.0   
2008-02-13 16:00:00  24.72  39.95   ...    20.04  76.81  39.46  14.20  1.0   
...                    ...    ...   ...      ...    ...    ...    ...  ...   
2009-11-17 16:00:00  25.88  30.35   ...    21.99  70.03  33.38   7.58  1.0   
2009-11-18 16:00:00  25.98  30.08   ...    21.73  70.26  33.24   7.53  1.0   
2009-11-19 16:00:00  25.56  29.75   ...    21.17  69.68  32.66   7.38  1.0   
2009-11-20 16:00:00  25.23  29.80   ...    20.86  69.43  32.38   7.43  1.0   
2009-11-23 16:00:00  25.65  30.02   ...    21.09  70.66  32.71   7.52  1.0   
2009-11-24 16:00:00  27.30  29.46   ...    21.26  70.91  33.15   7.51  1.0   
2009-11-25 16:00:00  27.39  29.59   ...    21.53  71.38  33.06   7.51  1.0   
2009-11-27 16:00:00  27.31  28.89   ...    21.19  69.88  32.81   7.39  1.0   
2009-11-30 16:00:00  27.53  29.04   ...    21.20  70.07  32.83   7.31  1.0   
2009-12-01 16:00:00  27.88  29.84   ...    21.93  70.98  33.15   7.43  1.0   
2009-12-02 16:00:00  28.08  29.78   ...    21.96  70.74  33.66   7.40  1.0   
2009-12-03 16:00:00  28.33  29.54   ...    21.73  70.00  33.45   7.36  1.0   
2009-12-04 16:00:00  28.28  29.77   ...    21.88  69.31  33.75   7.51  1.0   
2009-12-07 16:00:00  28.13  29.27   ...    21.76  68.86  33.64   7.50  1.0   
2009-12-08 16:00:00  27.93  29.04   ...    22.26  68.09  33.36   7.40  1.0   
2009-12-09 16:00:00  28.18  28.73   ...    22.47  67.94  33.22   7.50  1.0   
2009-12-10 16:00:00  28.14  28.75   ...    22.46  67.58  33.91   7.48  1.0   
2009-12-11 16:00:00  28.18  28.74   ...    22.19  67.98  34.13   7.52  1.0   
2009-12-14 16:00:00  28.28  28.49   ...    22.43  65.05  34.53   7.80  1.0   
2009-12-15 16:00:00  28.14  28.88   ...    22.38  64.56  34.81   7.93  1.0   
2009-12-16 16:00:00  28.36  29.44   ...    23.20  63.87  34.74   7.98  1.0   
2009-12-17 16:00:00  28.16  28.78   ...    22.84  63.68  34.06   8.00  1.0   
2009-12-18 16:00:00  28.54  28.79   ...    23.08  63.67  33.92   7.94  1.0   
2009-12-21 16:00:00  28.76  29.02   ...    23.41  63.95  34.31   8.05  1.0   
2009-12-22 16:00:00  28.94  29.03   ...    23.47  64.00  34.67   8.14  1.0   
2009-12-23 16:00:00  29.00  29.53   ...    23.47  63.71  35.03   8.11  1.0   
2009-12-24 16:00:00  29.28  29.75   ...    23.75  64.09  34.75   8.21  1.0   
2009-12-28 16:00:00  29.00  29.81   ...    23.63  64.48  34.93   8.05  1.0   
2009-12-29 16:00:00  28.93  29.75   ...    23.43  64.26  34.92   8.18  1.0   
2009-12-30 16:00:00  29.35  29.90   ...    23.74  64.19  35.04   8.26  1.0   

                      YHOO    YUM   ZION    ZMH     SPY  
2008-01-02 16:00:00  23.72  34.32  43.05  65.91  132.15  
2008-01-03 16:00:00  23.84  33.84  42.19  65.98  132.09  
2008-01-04 16:00:00  23.16  33.36  40.30  66.12  128.85  
2008-01-07 16:00:00  23.18  34.14  41.14  68.27  128.74  
2008-01-08 16:00:00  22.61  33.27  39.69  66.87  126.66  
2008-01-09 16:00:00  22.56  34.72  39.78  67.22  127.99  
2008-01-10 16:00:00  24.09  35.48  41.57  68.12  128.83  
2008-01-11 16:00:00  23.36  33.06  41.81  69.55  127.79  
2008-01-14 16:00:00  23.70  33.50  41.60  68.40  128.82  
2008-01-15 16:00:00  22.91  31.55  40.58  67.29  125.99  
2008-01-16 16:00:00  21.95  30.98  42.14  67.23  124.90  
2008-01-17 16:00:00  21.22  30.45  39.96  67.31  121.67  
2008-01-18 16:00:00  20.78  30.37  39.65  66.96  120.42  
2008-01-22 16:00:00  19.86  30.13  40.66  66.73  119.19  
2008-01-23 16:00:00  20.01  32.59  44.29  65.55  122.06  
2008-01-24 16:00:00  21.69  33.93  46.27  66.69  123.09  
2008-01-25 16:00:00  21.94  32.97  45.06  65.98  121.31  
2008-01-28 16:00:00  20.78  32.43  46.64  67.69  123.32  
2008-01-29 16:00:00  20.81  32.58  48.72  76.59  123.93  
2008-01-30 16:00:00  19.05  31.66  49.80  76.96  123.01  
2008-01-31 16:00:00  19.18  31.07  52.03  77.69  125.26  
2008-02-01 16:00:00  28.38  32.06  52.61  78.73  127.27  
2008-02-04 16:00:00  29.33  32.57  51.25  77.07  125.67  
2008-02-05 16:00:00  28.98  31.62  49.99  76.48  122.30  
2008-02-06 16:00:00  28.57  31.09  50.58  76.46  121.32  
2008-02-07 16:00:00  29.04  31.26  50.69  78.08  122.12  
2008-02-08 16:00:00  29.20  31.06  49.73  77.42  121.34  
2008-02-11 16:00:00  29.87  31.31  49.21  77.38  121.96  
2008-02-12 16:00:00  29.57  31.72  49.30  77.93  123.09  
2008-02-13 16:00:00  29.88  32.48  49.02  78.06  124.35  
...                    ...    ...    ...    ...     ...  
2009-11-17 16:00:00  16.05  34.13  13.39  56.43  105.80  
2009-11-18 16:00:00  15.98  33.99  13.25  57.70  105.74  
2009-11-19 16:00:00  15.61  33.75  12.67  56.54  104.36  
2009-11-20 16:00:00  15.38  33.82  12.48  56.60  103.99  
2009-11-23 16:00:00  15.45  33.95  14.04  57.63  105.31  
2009-11-24 16:00:00  15.24  33.67  13.28  58.01  105.47  
2009-11-25 16:00:00  15.30  33.80  13.01  58.77  105.84  
2009-11-27 16:00:00  15.00  33.51  12.55  58.19  104.12  
2009-11-30 16:00:00  14.97  33.39  13.08  58.83  104.47  
2009-12-01 16:00:00  15.13  33.41  13.09  58.41  105.77  
2009-12-02 16:00:00  15.31  33.43  13.27  58.63  105.72  
2009-12-03 16:00:00  15.11  33.25  12.52  57.81  104.89  
2009-12-04 16:00:00  15.19  32.21  12.99  58.57  105.49  
2009-12-07 16:00:00  15.45  32.28  13.19  58.78  105.33  
2009-12-08 16:00:00  15.45  32.29  13.67  58.10  104.16  
2009-12-09 16:00:00  15.18  32.71  13.90  57.58  104.55  
2009-12-10 16:00:00  15.49  32.47  13.45  58.87  105.14  
2009-12-11 16:00:00  15.74  32.62  13.52  59.02  105.59  
2009-12-14 16:00:00  15.81  32.97  13.68  59.54  106.31  
2009-12-15 16:00:00  15.74  32.74  12.98  59.73  105.81  
2009-12-16 16:00:00  15.79  32.73  12.84  59.02  105.97  
2009-12-17 16:00:00  15.82  32.52  12.63  58.35  104.70  
2009-12-18 16:00:00  16.14  32.67  13.05  58.14  105.29  
2009-12-21 16:00:00  15.88  33.13  13.14  58.54  106.36  
2009-12-22 16:00:00  15.98  33.19  13.15  59.10  106.75  
2009-12-23 16:00:00  16.67  33.51  12.85  59.73  106.96  
2009-12-24 16:00:00  16.72  33.49  12.83  59.93  107.46  
2009-12-28 16:00:00  16.88  33.28  12.69  60.00  107.69  
2009-12-29 16:00:00  16.92  33.34  12.68  59.84  107.54  
2009-12-30 16:00:00  16.98  33.33  12.73  59.42  107.50  

[504 rows x 502 columns]"
open,"                         A     AA    AAPL    ABC    ABT    ACE    ACN   ADBE  \
2008-01-02 16:00:00  36.67  36.46  199.27  44.47  56.15  61.86  36.38  42.90   
2008-01-03 16:00:00  36.30  36.18  195.41  44.58  55.88  61.30  36.50  41.55   
2008-01-04 16:00:00  35.58  35.88  191.45  44.77  55.11  60.36  35.14  41.30   
2008-01-07 16:00:00  35.34  35.01  181.25  43.82  56.02  61.23  35.14  40.39   
2008-01-08 16:00:00  35.36  33.22  180.14  45.31  57.67  61.99  34.15  39.90   
2008-01-09 16:00:00  34.89  31.05  171.30  45.61  58.90  60.73  34.37  39.41   
2008-01-10 16:00:00  35.30  31.58  177.58  45.90  59.48  60.80  33.72  39.34   
2008-01-11 16:00:00  36.70  31.10  176.00  46.27  59.68  61.15  33.64  38.84   
2008-01-14 16:00:00  37.83  32.05  177.52  47.60  60.86  60.54  33.50  38.48   
2008-01-15 16:00:00  36.05  32.55  177.72  46.75  59.14  60.60  33.34  38.08   
2008-01-16 16:00:00  35.75  31.00  165.23  46.11  59.28  60.30  33.16  37.75   
2008-01-17 16:00:00  35.70  30.70  161.51  46.76  60.78  60.25  34.10  37.19   
2008-01-18 16:00:00  35.16  29.18  161.71  47.05  60.04  58.70  33.61  35.04   
2008-01-22 16:00:00  31.97  27.62  148.06  44.71  56.28  55.04  32.11  33.01   
2008-01-23 16:00:00  31.69  28.44  136.19  45.00  57.25  56.59  33.33  33.21   
2008-01-24 16:00:00  33.47  29.30  139.99  44.51  58.17  60.33  33.07  33.56   
2008-01-25 16:00:00  34.05  31.16  138.99  46.30  57.30  60.98  34.42  34.98   
2008-01-28 16:00:00  33.17  30.27  128.16  44.94  55.45  57.95  33.86  35.22   
2008-01-29 16:00:00  33.60  31.73  131.15  45.49  56.68  59.06  34.20  35.40   
2008-01-30 16:00:00  33.46  32.58  131.37  47.50  56.78  58.59  34.66  35.54   
2008-01-31 16:00:00  33.58  32.13  129.45  46.43  55.22  56.03  33.99  33.87   
2008-02-01 16:00:00  34.00  33.67  136.24  46.32  56.69  58.04  34.13  34.67   
2008-02-04 16:00:00  34.39  34.57  134.21  46.76  57.57  59.34  35.22  34.55   
2008-02-05 16:00:00  33.80  33.30  130.43  46.56  58.02  58.33  33.51  33.99   
2008-02-06 16:00:00  34.00  32.95  130.83  46.40  57.62  60.00  34.09  34.48   
2008-02-07 16:00:00  33.38  32.24  119.97  45.33  57.69  58.56  33.48  32.41   
2008-02-08 16:00:00  32.19  32.67  122.08  45.46  57.90  58.95  33.20  32.65   
2008-02-11 16:00:00  32.00  33.82  128.01  45.23  56.90  57.05  34.21  33.28   
2008-02-12 16:00:00  32.00  34.33  130.70  44.62  56.01  56.62  33.91  33.95   
2008-02-13 16:00:00  32.05  33.75  126.68  45.22  56.48  57.08  35.49  34.69   
...                    ...    ...     ...    ...    ...    ...    ...    ...   
2009-11-17 16:00:00  29.05  13.46  206.08  24.51  53.62  50.80  39.83  36.56   
2009-11-18 16:00:00  29.49  13.76  206.54  24.16  53.31  51.22  40.32  36.59   
2009-11-19 16:00:00  29.09  13.52  204.61  24.60  52.89  50.60  39.93  36.25   
2009-11-20 16:00:00  28.94  13.04  199.15  24.19  53.25  49.97  39.70  35.72   
2009-11-23 16:00:00  29.32  13.37  203.00  24.89  53.72  50.24  40.22  36.05   
2009-11-24 16:00:00  29.32  13.03  205.33  25.01  53.22  49.70  40.37  36.15   
2009-11-25 16:00:00  29.20  12.99  205.40  25.19  54.30  50.05  40.65  36.07   
2009-11-27 16:00:00  28.46  12.52  199.22  24.67  53.49  48.74  39.89  35.01   
2009-11-30 16:00:00  28.78  12.73  201.11  24.92  54.20  48.19  40.43  35.25   
2009-12-01 16:00:00  29.10  12.75  202.24  24.75  54.85  49.33  41.25  35.46   
2009-12-02 16:00:00  29.50  12.90  198.96  24.51  54.49  49.89  41.85  36.53   
2009-12-03 16:00:00  29.50  13.65  197.42  24.83  54.41  49.92  41.93  36.42   
2009-12-04 16:00:00  30.00  13.61  199.70  24.73  54.57  48.94  42.15  36.38   
2009-12-07 16:00:00  29.68  12.91  193.32  24.61  53.84  49.76  42.23  36.46   
2009-12-08 16:00:00  29.56  12.93  189.36  24.63  53.52  49.14  42.79  36.03   
2009-12-09 16:00:00  29.54  12.87  191.28  24.17  53.50  49.17  41.69  35.85   
2009-12-10 16:00:00  29.45  13.21  199.50  24.52  53.57  49.95  42.38  35.81   
2009-12-11 16:00:00  29.75  13.80  197.78  25.07  54.00  50.43  42.77  35.90   
2009-12-14 16:00:00  29.79  14.62  195.37  24.87  53.78  50.52  42.31  35.78   
2009-12-15 16:00:00  29.87  14.57  195.83  25.20  53.78  49.72  42.07  35.58   
2009-12-16 16:00:00  30.00  14.75  195.10  26.16  54.25  49.79  41.79  36.87   
2009-12-17 16:00:00  29.45  14.70  194.26  26.11  53.76  49.09  41.55  37.46   
2009-12-18 16:00:00  29.54  14.56  193.17  26.00  53.75  48.78  40.75  37.25   
2009-12-21 16:00:00  29.60  15.14  196.05  26.18  53.58  48.85  41.27  37.38   
2009-12-22 16:00:00  29.91  15.59  199.44  26.25  54.04  48.61  40.62  37.35   
2009-12-23 16:00:00  30.20  15.86  201.20  26.29  54.22  49.51  40.94  37.37   
2009-12-24 16:00:00  30.27  16.02  203.55  26.39  54.07  49.89  41.26  36.95   
2009-12-28 16:00:00  30.33  16.49  211.72  26.39  54.16  50.10  41.58  37.18   
2009-12-29 16:00:00  30.41  16.16  212.63  26.41  54.63  50.31  41.82  37.14   
2009-12-30 16:00:00  30.11  15.93  208.83  26.30  53.91  50.10  41.67  37.03   

                       ADI    ADM   ...     XLNX    XOM   XRAY    XRX  XYL  \
2008-01-02 16:00:00  31.19  46.38   ...    21.72  94.15  44.93  16.20  1.0   
2008-01-03 16:00:00  30.38  45.42   ...    21.10  93.86  43.85  15.84  1.0   
2008-01-04 16:00:00  29.84  45.30   ...    21.11  93.24  43.93  15.54  1.0   
2008-01-07 16:00:00  29.04  46.04   ...    20.40  92.50  43.25  15.18  1.0   
2008-01-08 16:00:00  28.76  46.15   ...    20.23  91.86  44.53  15.14  1.0   
2008-01-09 16:00:00  27.97  44.74   ...    19.80  90.11  44.60  14.68  1.0   
2008-01-10 16:00:00  27.17  44.94   ...    19.86  90.75  45.55  14.87  1.0   
2008-01-11 16:00:00  27.48  44.26   ...    19.98  91.01  46.45  14.54  1.0   
2008-01-14 16:00:00  26.68  44.01   ...    19.74  90.84  46.80  14.37  1.0   
2008-01-15 16:00:00  26.99  44.55   ...    19.28  89.89  45.46  14.34  1.0   
2008-01-16 16:00:00  26.16  44.50   ...    19.01  88.45  45.52  13.96  1.0   
2008-01-17 16:00:00  27.52  41.97   ...    19.79  87.47  46.35  13.89  1.0   
2008-01-18 16:00:00  27.20  41.36   ...    19.37  84.00  44.91  13.53  1.0   
2008-01-22 16:00:00  26.99  38.11   ...    20.75  80.00  43.78  12.80  1.0   
2008-01-23 16:00:00  26.53  38.51   ...    20.70  80.01  42.37  12.99  1.0   
2008-01-24 16:00:00  28.00  41.03   ...    21.07  84.29  41.70  14.00  1.0   
2008-01-25 16:00:00  29.18  42.69   ...    22.13  86.70  43.20  14.53  1.0   
2008-01-28 16:00:00  27.94  42.08   ...    21.34  83.50  41.48  14.68  1.0   
2008-01-29 16:00:00  28.30  43.65   ...    22.00  85.22  41.96  15.26  1.0   
2008-01-30 16:00:00  28.00  42.68   ...    21.68  84.54  41.99  14.93  1.0   
2008-01-31 16:00:00  27.68  42.81   ...    21.93  84.22  41.05  15.24  1.0   
2008-02-01 16:00:00  27.90  44.24   ...    22.62  87.70  41.36  15.55  1.0   
2008-02-04 16:00:00  29.00  46.00   ...    23.02  86.04  41.37  15.79  1.0   
2008-02-05 16:00:00  28.24  43.51   ...    22.07  84.11  40.51  15.23  1.0   
2008-02-06 16:00:00  27.78  42.18   ...    21.70  82.69  41.48  15.30  1.0   
2008-02-07 16:00:00  27.26  40.95   ...    20.31  80.97  39.70  15.13  1.0   
2008-02-08 16:00:00  27.60  41.17   ...    21.19  82.00  40.85  15.03  1.0   
2008-02-11 16:00:00  27.66  41.48   ...    21.49  81.85  41.00  15.30  1.0   
2008-02-12 16:00:00  28.35  43.29   ...    22.21  83.60  40.84  15.34  1.0   
2008-02-13 16:00:00  28.53  43.99   ...    22.13  84.71  40.92  15.13  1.0   
...                    ...    ...   ...      ...    ...    ...    ...  ...   
2009-11-17 16:00:00  28.17  31.81   ...    23.24  74.73  34.17   8.01  1.0   
2009-11-18 16:00:00  28.90  32.24   ...    23.39  75.25  33.66   8.00  1.0   
2009-11-19 16:00:00  27.88  31.78   ...    22.97  74.77  33.48   7.87  1.0   
2009-11-20 16:00:00  27.65  31.43   ...    22.43  74.38  32.94   7.73  1.0   
2009-11-23 16:00:00  27.99  31.92   ...    22.55  75.44  32.99   7.94  1.0   
2009-11-24 16:00:00  29.15  31.85   ...    22.54  75.70  33.25   7.93  1.0   
2009-11-25 16:00:00  29.49  31.35   ...    22.77  76.00  33.62   7.95  1.0   
2009-11-27 16:00:00  29.48  30.51   ...    22.33  74.65  33.08   7.67  1.0   
2009-11-30 16:00:00  29.68  30.51   ...    22.55  74.49  33.24   7.75  1.0   
2009-12-01 16:00:00  30.10  31.25   ...    23.06  76.00  33.46   7.78  1.0   
2009-12-02 16:00:00  30.16  31.01   ...    23.37  75.97  33.81   7.77  1.0   
2009-12-03 16:00:00  30.68  31.57   ...    23.40  75.58  33.92   7.82  1.0   
2009-12-04 16:00:00  30.75  31.65   ...    23.45  75.69  34.14   7.85  1.0   
2009-12-07 16:00:00  30.47  31.51   ...    23.39  73.95  34.27   7.93  1.0   
2009-12-08 16:00:00  30.38  30.79   ...    23.17  73.47  34.02   7.83  1.0   
2009-12-09 16:00:00  30.13  30.72   ...    23.77  73.00  33.74   7.78  1.0   
2009-12-10 16:00:00  30.59  30.56   ...    24.05  73.32  33.99   7.94  1.0   
2009-12-11 16:00:00  30.62  30.71   ...    24.15  72.89  34.48   7.89  1.0   
2009-12-14 16:00:00  30.57  30.70   ...    23.84  70.80  34.38   7.97  1.0   
2009-12-15 16:00:00  30.69  30.32   ...    23.83  69.97  34.93   8.24  1.0   
2009-12-16 16:00:00  30.62  31.03   ...    23.91  69.58  35.37   8.39  1.0   
2009-12-17 16:00:00  30.67  31.05   ...    24.73  68.36  34.99   8.38  1.0   
2009-12-18 16:00:00  30.89  30.85   ...    24.47  68.56  34.43   8.46  1.0   
2009-12-21 16:00:00  31.01  30.75   ...    24.75  68.47  34.57   8.41  1.0   
2009-12-22 16:00:00  31.26  30.86   ...    25.05  68.62  34.97   8.47  1.0   
2009-12-23 16:00:00  31.30  30.82   ...    25.17  68.75  35.32   8.58  1.0   
2009-12-24 16:00:00  31.40  31.43   ...    25.17  68.35  35.42   8.59  1.0   
2009-12-28 16:00:00  31.73  31.56   ...    25.43  69.08  35.25   8.63  1.0   
2009-12-29 16:00:00  31.38  31.65   ...    25.30  69.28  35.42   8.48  1.0   
2009-12-30 16:00:00  31.20  31.43   ...    25.01  68.71  35.28   8.54  1.0   

                      YHOO    YUM   ZION    ZMH     SPY  
2008-01-02 16:00:00  23.80  38.32  46.76  66.24  146.53  
2008-01-03 16:00:00  23.86  38.07  45.53  66.38  144.91  
2008-01-04 16:00:00  23.81  37.11  43.56  65.93  143.34  
2008-01-07 16:00:00  23.12  36.82  42.65  66.79  141.81  
2008-01-08 16:00:00  23.28  37.79  43.00  69.41  142.08  
2008-01-09 16:00:00  22.47  36.65  41.69  67.49  139.09  
2008-01-10 16:00:00  23.19  37.93  41.45  66.98  139.68  
2008-01-11 16:00:00  23.81  38.57  43.17  68.02  140.78  
2008-01-14 16:00:00  23.51  36.96  44.40  70.64  141.16  
2008-01-15 16:00:00  23.00  36.31  43.35  68.55  139.79  
2008-01-16 16:00:00  22.20  34.45  42.20  67.25  137.36  
2008-01-17 16:00:00  22.00  34.10  44.67  67.54  137.81  
2008-01-18 16:00:00  21.27  33.70  42.23  68.03  134.74  
2008-01-22 16:00:00  19.29  31.01  40.43  65.05  127.21  
2008-01-23 16:00:00  19.25  32.79  40.64  66.50  127.09  
2008-01-24 16:00:00  20.44  36.00  46.20  65.88  134.48  
2008-01-25 16:00:00  22.24  37.73  47.37  67.44  136.51  
2008-01-28 16:00:00  21.56  34.74  47.99  66.64  133.26  
2008-01-29 16:00:00  20.87  35.95  49.58  74.63  136.10  
2008-01-30 16:00:00  18.62  35.74  51.00  76.54  135.58  
2008-01-31 16:00:00  18.87  33.80  51.36  76.34  133.40  
2008-02-01 16:00:00  28.68  34.21  56.37  78.13  137.94  
2008-02-04 16:00:00  28.33  35.59  55.04  77.76  139.21  
2008-02-05 16:00:00  28.78  34.86  52.41  76.31  135.94  
2008-02-06 16:00:00  29.11  34.93  52.75  77.29  134.58  
2008-02-07 16:00:00  28.63  33.92  52.55  76.58  131.80  
2008-02-08 16:00:00  28.98  34.22  52.38  78.45  133.09  
2008-02-11 16:00:00  29.89  34.33  51.36  77.92  133.10  
2008-02-12 16:00:00  29.81  34.70  51.84  78.22  134.91  
2008-02-13 16:00:00  29.78  35.27  52.05  78.82  136.01  
...                    ...    ...    ...    ...     ...  
2009-11-17 16:00:00  15.89  35.80  13.26  55.55  110.92  
2009-11-18 16:00:00  16.02  36.12  13.45  57.09  111.26  
2009-11-19 16:00:00  15.83  35.72  13.20  57.79  110.51  
2009-11-20 16:00:00  15.60  35.51  12.69  56.61  109.25  
2009-11-23 16:00:00  15.58  36.20  13.70  57.21  110.72  
2009-11-24 16:00:00  15.38  35.83  13.96  58.11  111.00  
2009-11-25 16:00:00  15.29  35.70  13.37  58.55  111.17  
2009-11-27 16:00:00  15.04  35.06  12.70  57.93  108.40  
2009-11-30 16:00:00  14.90  35.48  12.68  58.93  109.48  
2009-12-01 16:00:00  15.03  35.57  13.32  59.51  110.92  
2009-12-02 16:00:00  15.17  35.36  13.20  58.74  111.28  
2009-12-03 16:00:00  15.33  35.45  13.40  58.90  111.55  
2009-12-04 16:00:00  15.32  34.91  13.02  58.39  111.84  
2009-12-07 16:00:00  15.36  33.84  13.03  58.61  110.91  
2009-12-08 16:00:00  15.45  33.64  13.30  58.61  110.04  
2009-12-09 16:00:00  15.52  34.05  13.71  58.29  109.58  
2009-12-10 16:00:00  15.34  34.75  14.03  58.31  110.70  
2009-12-11 16:00:00  15.85  34.49  13.54  59.10  111.11  
2009-12-14 16:00:00  15.90  34.75  13.69  59.50  111.87  
2009-12-15 16:00:00  15.77  34.73  13.50  59.88  111.46  
2009-12-16 16:00:00  15.57  34.90  13.10  59.86  111.80  
2009-12-17 16:00:00  15.72  34.38  12.76  59.14  110.72  
2009-12-18 16:00:00  15.94  34.43  12.80  58.26  110.20  
2009-12-21 16:00:00  16.11  34.71  13.15  58.65  110.76  
2009-12-22 16:00:00  15.88  35.01  13.21  58.80  111.57  
2009-12-23 16:00:00  16.35  35.23  13.19  59.64  112.00  
2009-12-24 16:00:00  16.69  35.45  12.97  60.14  112.19  
2009-12-28 16:00:00  16.74  35.52  12.91  60.28  112.90  
2009-12-29 16:00:00  16.84  35.25  12.69  60.28  113.01  
2009-12-30 16:00:00  16.83  35.23  12.70  60.14  112.23  

[504 rows x 502 columns]"
